Site,Sampler,Cell,Date,LN_Flux,Flux
JER,A3,A,24-Jun-15,2.745044078,15.5653
JER,A1,A,24-Jun-15,3.474525288,32.28250001
JER,A2,A,24-Jun-15,3.643201941,38.21400001
JER,B2,B,24-Jun-15,1.544242109,4.684420002
JER,B3,B,24-Jun-15,1.609679883,5.001209999
JER,B1,B,24-Jun-15,3.325658129,27.81729999
JER,C2,C,24-Jun-15,1.517002397,4.558540001
JER,C3,C,24-Jun-15,1.598532666,4.945770001
JER,D2,D,24-Jun-15,2.326223492,10.2392
JER,D1,D,24-Jun-15,2.678992074,14.57040001
JER,E1,E,24-Jun-15,2.186071501,8.900179998
JER,E3,E,24-Jun-15,2.554059508,12.85919999
JER,E2,E,24-Jun-15,3.187475969,24.2272
JER,F3,F,24-Jun-15,1.329303286,3.778409999
JER,F2,F,24-Jun-15,2.490366716,12.06569999
JER,F1,F,24-Jun-15,3.436464778,31.0769
JER,G2,G,24-Jun-15,2.33427754,10.322
JER,G3,G,24-Jun-15,3.282241158,26.6354
JER,G1,G,24-Jun-15,3.370497595,29.09299999
JER,I2,I,24-Jun-15,3.173443218,23.88960001
JER,I1,I,24-Jun-15,3.701185918,40.4953
JER,I3,I,24-Jun-15,4.118111543,61.44309998
JER,A3,A,31-Jul-15,3.266675022,26.224
JER,A2,A,31-Jul-15,3.994717578,54.31049998
JER,A1,A,31-Jul-15,4.034173379,56.49619999
JER,B2,B,31-Jul-15,3.209673614,24.771
JER,B3,B,31-Jul-15,3.337945144,28.1612
JER,B1,B,31-Jul-15,3.658690829,38.81050002
JER,C3,C,31-Jul-15,3.014460795,20.3781
JER,C1,C,31-Jul-15,3.209237525,24.76019999
JER,C2,C,31-Jul-15,3.606250279,36.82769998
JER,D2,D,31-Jul-15,3.477275317,32.3714
JER,D1,D,31-Jul-15,3.796733359,44.55540001
JER,E3,E,31-Jul-15,3.668271052,39.18409999
JER,E2,E,31-Jul-15,4.107667089,60.80470002
JER,E1,E,31-Jul-15,4.316069775,74.89370001
JER,F2,F,31-Jul-15,3.291728438,26.8893
JER,F1,F,31-Jul-15,4.232146614,68.86489998
JER,G3,G,31-Jul-15,3.525636733,33.97539999
JER,G1,G,31-Jul-15,3.56453431,35.32300001
JER,G2,G,31-Jul-15,3.602618704,36.69419998
JER,H1,H,31-Jul-15,2.659580985,14.29029999
JER,H3,H,31-Jul-15,3.967775543,52.86680002
JER,I1,I,31-Jul-15,4.614258759,100.9129999
JER,I2,I,31-Jul-15,4.958450374,142.373
JER,A1,A,26-Aug-15,2.621126093,13.7512
JER,A3,A,26-Aug-15,2.762285829,15.836
JER,B1,B,26-Aug-15,2.446079193,11.543
JER,C1,C,26-Aug-15,2.921127255,18.5622
JER,D2,D,26-Aug-15,2.614157017,13.6557
JER,D3,D,26-Aug-15,2.676442568,14.5333
JER,E1,E,26-Aug-15,1.587290458,4.890479999
JER,E3,E,26-Aug-15,2.068376803,7.911970003
JER,E2,E,26-Aug-15,3.173104101,23.88150001
JER,F3,F,26-Aug-15,1.603073704,4.968280001
JER,F1,F,26-Aug-15,2.500419041,12.18759999
JER,G2,G,26-Aug-15,1.911274338,6.761700002
JER,G3,G,26-Aug-15,2.797555687,16.40449999
JER,I3,I,26-Aug-15,2.872626346,17.68339999
JER,I1,I,26-Aug-15,3.503907388,33.24510001
JER,I2,I,26-Aug-15,4.028149559,56.15690001
JER,A2,A,22-Sep-15,1.583607152,4.872499998
JER,B1,B,22-Sep-15,1.283477829,3.60917
JER,D3,D,22-Sep-15,1.121625443,3.06984
JER,D1,D,22-Sep-15,1.468945203,4.34465
JER,E2,E,22-Sep-15,1.747100261,5.737940001
JER,F2,F,22-Sep-15,1.616200991,5.033929999
JER,I1,I,22-Sep-15,2.390513549,10.9191
JER,A1,A,22-Oct-15,2.692679339,14.7712
JER,B3,B,22-Oct-15,1.568705497,4.800429999
JER,E3,E,22-Oct-15,2.951566152,19.1359
JER,F2,F,22-Oct-15,2.435488789,11.4214
JER,F1,F,22-Oct-15,2.927721063,18.685
JER,G1,G,22-Oct-15,0.880248961,2.411500001
JER,I3,I,22-Oct-15,2.73830132,15.4607
JER,I1,I,22-Oct-15,2.892985007,18.0471
JER,A3,A,24-Nov-15,4.84316294,126.87
JER,A2,A,24-Nov-15,4.961347006,142.786
JER,A1,A,24-Nov-15,5.811712686,334.1910001
JER,B1,B,24-Nov-15,3.401440685,30.00729999
JER,B2,B,24-Nov-15,3.554899389,34.98429999
JER,B3,B,24-Nov-15,5.493649748,243.1430001
JER,C1,C,24-Nov-15,3.417690617,30.49889999
JER,C3,C,24-Nov-15,4.564618988,96.02599999
JER,C2,C,24-Nov-15,5.106248458,165.05
JER,D2,D,24-Nov-15,3.038327096,20.87030001
JER,D3,D,24-Nov-15,3.103429058,22.2742
JER,D1,D,24-Nov-15,3.891077165,48.9636
JER,E1,E,24-Nov-15,3.743897802,42.26240001
JER,E3,E,24-Nov-15,3.990616047,54.08819998
JER,E2,E,24-Nov-15,4.631490741,102.667
JER,F3,F,24-Nov-15,2.853408051,17.34679999
JER,F1,F,24-Nov-15,4.616495808,101.139
JER,F2,F,24-Nov-15,5.162142483,174.538
JER,G2,G,24-Nov-15,3.942606525,51.55279999
JER,G1,G,24-Nov-15,4.520268945,91.86030002
JER,G3,G,24-Nov-15,5.28174073,196.712
JER,H1,H,24-Nov-15,2.764814834,15.8761
JER,H3,H,24-Nov-15,2.993615034,19.9577
JER,H2,H,24-Nov-15,3.005588541,20.19810001
JER,I3,I,24-Nov-15,4.713118351,111.399
JER,I1,I,24-Nov-15,5.837015906,342.7549999
JER,I2,I,24-Nov-15,6.25369034,519.9279998
JER,A3,A,22-Dec-15,3.181767759,24.08930001
JER,A2,A,22-Dec-15,3.269394019,26.2954
JER,A1,A,22-Dec-15,3.366512765,28.9773
JER,B1,B,22-Dec-15,1.463783041,4.322280001
JER,B2,B,22-Dec-15,1.843746107,6.320170003
JER,B3,B,22-Dec-15,3.752121823,42.6114
JER,C1,C,22-Dec-15,1.193883074,3.299870001
JER,C3,C,22-Dec-15,2.339158073,10.3725
JER,C2,C,22-Dec-15,3.473738174,32.2571
JER,D3,D,22-Dec-15,1.538687068,4.65847
JER,D2,D,22-Dec-15,1.577193607,4.841349998
JER,D1,D,22-Dec-15,1.869187994,6.483030002
JER,E3,E,22-Dec-15,1.844792999,6.326790003
JER,E1,E,22-Dec-15,2.292710499,9.901739997
JER,E2,E,22-Dec-15,2.911720031,18.3884
JER,F3,F,22-Dec-15,0.440819382,1.55398
JER,F2,F,22-Dec-15,2.716950476,15.1341
JER,F1,F,22-Dec-15,3.209088081,24.75650001
JER,G2,G,22-Dec-15,1.737095589,5.680820003
JER,G1,G,22-Dec-15,2.680082732,14.5863
JER,G3,G,22-Dec-15,3.478988325,32.42689999
JER,H3,H,22-Dec-15,0.376777526,1.45758
JER,H1,H,22-Dec-15,0.891210844,2.438079999
JER,I3,I,22-Dec-15,2.828035255,16.9122
JER,I1,I,22-Dec-15,3.892738244,49.045
JER,I2,I,22-Dec-15,4.340170251,76.72059999
JER,A3,A,27-Jan-16,3.014235037,20.3735
JER,A1,A,27-Jan-16,3.061210978,21.35340001
JER,A2,A,27-Jan-16,3.541863263,34.53119999
JER,B1,B,27-Jan-16,1.589743239,4.902489998
JER,B2,B,27-Jan-16,2.104764443,8.205169997
JER,B3,B,27-Jan-16,3.650733563,38.50289999
JER,C1,C,27-Jan-16,1.520143203,4.572879998
JER,C3,C,27-Jan-16,2.126790191,8.387899999
JER,C2,C,27-Jan-16,3.800751722,44.73479999
JER,D3,D,27-Jan-16,2.120289536,8.333550001
JER,D1,D,27-Jan-16,2.362927322,10.622
JER,E3,E,27-Jan-16,1.892687174,6.637179997
JER,E1,E,27-Jan-16,2.783268985,16.17180001
JER,E2,E,27-Jan-16,3.60313364,36.71310001
JER,F3,F,27-Jan-16,1.17339194,3.23294
JER,F1,F,27-Jan-16,3.713096344,40.98050001
JER,F2,F,27-Jan-16,3.799463304,44.67719998
JER,G2,G,27-Jan-16,1.889945812,6.61901
JER,G1,G,27-Jan-16,2.938690912,18.89110001
JER,G3,G,27-Jan-16,4.489528107,89.07940001
JER,H3,H,27-Jan-16,1.033426447,2.81068
JER,H2,H,27-Jan-16,1.171974268,3.228359999
JER,H1,H,27-Jan-16,1.305902843,3.691020001
JER,I3,I,27-Jan-16,2.870866087,17.65230001
JER,I1,I,27-Jan-16,4.271458137,71.62600003
JER,I2,I,27-Jan-16,5.016517957,150.885
JER,A3,A,23-Feb-16,4.372187135,79.21669999
JER,A1,A,23-Feb-16,4.569149148,96.46199996
JER,A2,A,23-Feb-16,5.362240073,213.202
JER,B1,B,23-Feb-16,3.562942011,35.26679998
JER,B2,B,23-Feb-16,3.999392652,54.56500002
JER,B3,B,23-Feb-16,5.036530435,153.9349999
JER,C1,C,23-Feb-16,3.325597014,27.81559999
JER,C3,C,23-Feb-16,4.268726349,71.4306
JER,C2,C,23-Feb-16,5.327715962,205.967
JER,D2,D,23-Feb-16,3.134175956,22.9697
JER,D3,D,23-Feb-16,3.392055724,29.72700001
JER,D1,D,23-Feb-16,3.637733517,38.00559999
JER,E3,E,23-Feb-16,3.724002842,41.42989998
JER,E1,E,23-Feb-16,4.407534768,82.06689998
JER,E2,E,23-Feb-16,4.952702463,141.557
JER,F3,F,23-Feb-16,2.920836299,18.55680001
JER,F1,F,23-Feb-16,5.072764666,159.6150001
JER,F2,F,23-Feb-16,5.249977601,190.562
JER,G2,G,23-Feb-16,3.959753561,52.44440001
JER,G1,G,23-Feb-16,4.53732701,93.44069995
JER,G3,G,23-Feb-16,5.824450234,338.4749999
JER,H3,H,23-Feb-16,3.072077384,21.58669999
JER,H1,H,23-Feb-16,3.351881079,28.5564
JER,H2,H,23-Feb-16,3.37706861,29.2848
JER,I3,I,23-Feb-16,4.510917747,91.00530004
JER,I1,I,23-Feb-16,5.245818082,189.771
JER,I2,I,23-Feb-16,5.838290057,343.1919999
JER,A3,A,21-Mar-16,3.087289967,21.9176
JER,A1,A,21-Mar-16,3.597413625,36.50369999
JER,A2,A,21-Mar-16,3.649592739,38.45900001
JER,B1,B,21-Mar-16,2.240059478,9.393890001
JER,B2,B,21-Mar-16,2.621169725,13.75180001
JER,B3,B,21-Mar-16,3.360368443,28.79980001
JER,C1,C,21-Mar-16,2.203837111,9.059710003
JER,C3,C,21-Mar-16,3.215606486,24.91839999
JER,C2,C,21-Mar-16,4.59659452,99.14610001
JER,D3,D,21-Mar-16,2.410802524,11.1429
JER,D1,D,21-Mar-16,2.997894933,20.04329999
JER,E3,E,21-Mar-16,2.45599264,11.658
JER,E1,E,21-Mar-16,2.818063874,16.7444
JER,E2,E,21-Mar-16,3.075924201,21.6699
JER,F3,F,21-Mar-16,1.986967087,7.293379997
JER,F2,F,21-Mar-16,3.64591193,38.31769998
JER,F1,F,21-Mar-16,3.66808984,39.177
JER,G2,G,21-Mar-16,2.453390183,11.6277
JER,G1,G,21-Mar-16,3.078136805,21.71789999
JER,G3,G,21-Mar-16,4.322675967,75.39010003
JER,H3,H,21-Mar-16,1.705767572,5.505609998
JER,H2,H,21-Mar-16,1.98176945,7.255570002
JER,I3,I,21-Mar-16,3.001679553,20.11929999
JER,I1,I,21-Mar-16,3.395014977,29.81510001
JER,I2,I,21-Mar-16,4.230133405,68.72640001
JER,A3,A,20-Apr-16,4.068737824,58.48310002
JER,A1,A,20-Apr-16,4.433326742,84.21110004
JER,A2,A,20-Apr-16,4.439339898,84.71900003
JER,B1,B,20-Apr-16,3.316826153,27.57270001
JER,B3,B,20-Apr-16,4.308339728,74.31700002
JER,C3,C,20-Apr-16,3.852899132,47.1295
JER,D2,D,20-Apr-16,2.762405802,15.8379
JER,D3,D,20-Apr-16,3.189162731,24.26810001
JER,D1,D,20-Apr-16,3.940544377,51.44660002
JER,E3,E,20-Apr-16,3.359805781,28.78360001
JER,E1,E,20-Apr-16,3.647093453,38.36299998
JER,E2,E,20-Apr-16,3.888885383,48.85639999
JER,F3,F,20-Apr-16,2.843093783,17.1688
JER,F1,F,20-Apr-16,4.478645049,88.11519998
JER,F2,F,20-Apr-16,4.520559561,91.88699998
JER,G2,G,20-Apr-16,3.428144362,30.81940001
JER,G1,G,20-Apr-16,3.625638757,37.5487
JER,G3,G,20-Apr-16,4.421075458,83.1857
JER,H3,H,20-Apr-16,2.522772279,12.46310001
JER,H1,H,20-Apr-16,2.644115942,14.071
JER,H2,H,20-Apr-16,2.761736297,15.8273
JER,I3,I,20-Apr-16,4.084090502,59.38790001
JER,I2,I,20-Apr-16,4.441479983,84.90050004
JER,I1,I,20-Apr-16,4.710691689,111.129
JER,A2,A,17-May-16,3.479475456,32.44269999
JER,A1,A,17-May-16,3.5581413,35.09790001
JER,A3,A,17-May-16,4.389362164,80.58900002
JER,B1,B,17-May-16,2.299343846,9.967640002
JER,B3,B,17-May-16,3.518446942,33.73200001
JER,B2,B,17-May-16,4.622921692,101.791
JER,C1,C,17-May-16,2.522684014,12.462
JER,C3,C,17-May-16,3.107872753,22.37339999
JER,C2,C,17-May-16,3.951924256,52.03539999
JER,D2,D,17-May-16,2.14367611,8.530739997
JER,D3,D,17-May-16,2.171211371,8.768900001
JER,D1,D,17-May-16,2.548593246,12.7891
JER,E3,E,17-May-16,2.674707114,14.5081
JER,E1,E,17-May-16,2.789230723,16.2685
JER,E2,E,17-May-16,3.380205247,29.37679999
JER,F3,F,17-May-16,1.958207088,7.08661
JER,F1,F,17-May-16,3.21261225,24.84390001
JER,F2,F,17-May-16,3.850073131,46.99650001
JER,G2,G,17-May-16,2.766683823,15.90580001
JER,G1,G,17-May-16,2.842231383,17.15400001
JER,G3,G,17-May-16,3.718501361,41.20259999
JER,H1,H,17-May-16,2.229197938,9.292410001
JER,H3,H,17-May-16,2.302479087,9.998939996
JER,I3,I,17-May-16,3.445456662,31.3576
JER,I2,I,17-May-16,4.05608179,57.74759999
JER,I1,I,17-May-16,4.208446758,67.25200001
JER,A3,A,14-Jun-16,3.517898351,33.71350001
JER,A1,A,14-Jun-16,4.138380586,62.70119999
JER,A2,A,14-Jun-16,4.288339387,72.84539999
JER,B1,B,14-Jun-16,3.286568118,26.75090001
JER,B3,B,14-Jun-16,4.079318907,59.1052
JER,B2,B,14-Jun-16,4.079352744,59.10719998
JER,C3,C,14-Jun-16,3.459947306,31.8153
JER,C2,C,14-Jun-16,4.029452201,56.23010002
JER,D2,D,14-Jun-16,3.176732124,23.9683
JER,D3,D,14-Jun-16,3.483962534,32.5886
JER,D1,D,14-Jun-16,3.773629526,43.53779999
JER,E3,E,14-Jun-16,3.215939518,24.9267
JER,E1,E,14-Jun-16,3.695455286,40.26390001
JER,E2,E,14-Jun-16,3.949811925,51.92560001
JER,F3,F,14-Jun-16,2.174210666,8.79524
JER,F1,F,14-Jun-16,3.883644107,48.60100001
JER,F2,F,14-Jun-16,4.501862007,90.18489997
JER,G1,G,14-Jun-16,3.015588821,20.4011
JER,G2,G,14-Jun-16,3.160407377,23.5802
JER,G3,G,14-Jun-16,4.015303159,55.44010002
JER,H2,H,14-Jun-16,1.989307567,7.310469999
JER,H1,H,14-Jun-16,2.613006652,13.63999999
JER,I3,I,14-Jun-16,3.566039278,35.37620001
JER,I2,I,14-Jun-16,4.211324312,67.44579998
JER,I1,I,14-Jun-16,4.470792721,87.42599998
JER,A3,A,13-Jul-16,2.685811409,14.6701
JER,A1,A,13-Jul-16,2.917424726,18.49359999
JER,A2,A,13-Jul-16,3.619108602,37.30430002
JER,B2,B,13-Jul-16,2.580648555,13.20570001
JER,B3,B,13-Jul-16,2.830916591,16.961
JER,B1,B,13-Jul-16,2.974008001,19.5702
JER,C1,C,13-Jul-16,1.47425716,4.367789998
JER,C2,C,13-Jul-16,1.934355074,6.919579999
JER,C3,C,13-Jul-16,3.189265741,24.27059999
JER,D2,D,13-Jul-16,1.539006864,4.659959998
JER,D1,D,13-Jul-16,2.364611085,10.6399
JER,D3,D,13-Jul-16,3.118803524,22.6193
JER,E3,E,13-Jul-16,2.849520828,17.2795
JER,E1,E,13-Jul-16,3.068982735,21.51999999
JER,E2,E,13-Jul-16,3.341677358,28.2665
JER,F3,F,13-Jul-16,1.037849741,2.823140001
JER,F2,F,13-Jul-16,3.374428949,29.20759999
JER,G2,G,13-Jul-16,2.336106906,10.3409
JER,G1,G,13-Jul-16,2.506146153,12.2576
JER,I1,I,13-Jul-16,2.741659043,15.5127
JER,I2,I,13-Jul-16,2.809854401,16.60750001
JER,I3,I,13-Jul-16,3.423536006,30.67769999
JER,A1,A,9-Aug-16,3.898560795,49.33139999
JER,A3,A,9-Aug-16,4.09110599,59.80599998
JER,A2,A,9-Aug-16,4.091689374,59.84090002
JER,B2,B,9-Aug-16,3.142888549,23.17069999
JER,B3,B,9-Aug-16,3.970456051,53.0087
JER,B1,B,9-Aug-16,4.089199683,59.69209998
JER,C1,C,9-Aug-16,2.890655051,18.0051
JER,C2,C,9-Aug-16,3.130346205,22.8819
JER,C3,C,9-Aug-16,4.22497801,68.37300001
JER,D2,D,9-Aug-16,3.547750703,34.7351
JER,D1,D,9-Aug-16,3.834000922,46.24720002
JER,E1,E,9-Aug-16,3.525739744,33.97890001
JER,E3,E,9-Aug-16,4.124573043,61.84139999
JER,F3,F,9-Aug-16,2.500911224,12.1936
JER,F1,F,9-Aug-16,3.984418083,53.75400001
JER,F2,F,9-Aug-16,4.146184041,63.19240002
JER,G1,G,9-Aug-16,2.633570878,13.9234
JER,G2,G,9-Aug-16,2.905621553,18.2766
JER,G3,G,9-Aug-16,3.365767076,28.9557
JER,H3,H,9-Aug-16,2.159866484,8.66998
JER,H2,H,9-Aug-16,2.2899496,9.874439997
JER,H1,H,9-Aug-16,2.552261514,12.8361
JER,I3,I,9-Aug-16,4.072131332,58.68190001
JER,I2,I,9-Aug-16,4.357503383,78.06200002
JER,I1,I,9-Aug-16,4.392603007,80.85059999
JER,A3,A,8-Sep-16,3.344958545,28.3594
JER,A1,A,8-Sep-16,3.551572371,34.8681
JER,A2,A,8-Sep-16,3.960515983,52.48440002
JER,B2,B,8-Sep-16,3.079889582,21.75600001
JER,B3,B,8-Sep-16,3.783871401,43.98599998
JER,C1,C,8-Sep-16,2.75313191,15.6917
JER,C3,C,8-Sep-16,2.849289313,17.2755
JER,C2,C,8-Sep-16,3.27344734,26.4022
JER,D3,D,8-Sep-16,3.374305686,29.20399999
JER,D1,D,8-Sep-16,3.501724234,33.1726
JER,E1,E,8-Sep-16,3.483305647,32.5672
JER,F3,F,8-Sep-16,2.041949933,7.705620002
JER,F2,F,8-Sep-16,4.381348905,79.94579999
JER,G3,G,8-Sep-16,3.254929991,25.91779999
JER,H2,H,8-Sep-16,1.319045504,3.739850001
JER,I3,I,8-Sep-16,3.534973328,34.29410001
JER,I2,I,8-Sep-16,3.961176913,52.5191
JER,I1,I,8-Sep-16,4.114119411,61.19829998
JER,B2,B,6-Oct-16,1.280767165,3.5994
JER,B3,B,6-Oct-16,2.186292821,8.902150004
JER,C1,C,6-Oct-16,0.654868823,1.92489
JER,C3,C,6-Oct-16,1.3847056,3.993650001
JER,C2,C,6-Oct-16,2.330375342,10.2818
JER,D1,D,6-Oct-16,1.096850738,2.99472
JER,E1,E,6-Oct-16,1.147504035,3.15032
JER,E3,E,6-Oct-16,1.298866534,3.665140001
JER,E2,E,6-Oct-16,2.194569946,8.976140002
JER,F2,F,6-Oct-16,1.698569041,5.466119999
JER,F1,F,6-Oct-16,1.828804741,6.226440001
JER,G2,G,6-Oct-16,0.430203248,1.53757
JER,H2,H,6-Oct-16,0.356659944,1.42855
JER,I3,I,6-Oct-16,1.624419131,5.075469998
JER,I1,I,6-Oct-16,2.203714583,9.058600002
JER,A3,A,1-Dec-16,4.081975041,59.26240001
JER,A1,A,1-Dec-16,4.648258411,104.403
JER,A2,A,1-Dec-16,4.787266717,119.9729999
JER,B1,B,1-Dec-16,3.65589903,38.70230001
JER,B3,B,1-Dec-16,5.147872312,172.0649999
JER,C1,C,1-Dec-16,3.343109124,28.307
JER,C3,C,1-Dec-16,3.802759327,44.82470001
JER,C2,C,1-Dec-16,4.726396177,112.888
JER,D1,D,1-Dec-16,3.606467484,36.83570001
JER,D3,D,1-Dec-16,3.904377856,49.61920002
JER,E1,E,1-Dec-16,3.986094691,53.84419999
JER,E3,E,1-Dec-16,4.166319428,64.47770003
JER,E2,E,1-Dec-16,4.807237179,122.393
JER,F3,F,1-Dec-16,2.550546127,12.8141
JER,F2,F,1-Dec-16,3.967785,52.86729998
JER,F1,F,1-Dec-16,4.721681302,112.357
JER,G2,G,1-Dec-16,3.401827183,30.01889999
JER,G1,G,1-Dec-16,3.916028971,50.20070001
JER,G3,G,1-Dec-16,5.768436614,320.037
JER,H2,H,1-Dec-16,2.150289026,8.587340003
JER,H3,H,1-Dec-16,2.172800956,8.782849997
JER,H1,H,1-Dec-16,2.511037252,12.3177
JER,I3,I,1-Dec-16,4.354878948,77.85739997
JER,I1,I,1-Dec-16,5.215815805,184.162
JER,I2,I,1-Dec-16,5.680309118,293.0399999
JER,A3,A,12-Jan-17,5.294259143,199.19
JER,A1,A,12-Jan-17,5.700600752,299.0470001
JER,A2,A,12-Jan-17,5.950629532,383.9950001
JER,B1,B,12-Jan-17,4.292754067,73.16770002
JER,B2,B,12-Jan-17,4.949100258,141.048
JER,B3,B,12-Jan-17,6.229512474,507.5079998
JER,C1,C,12-Jan-17,4.383798813,80.14189996
JER,C3,C,12-Jan-17,4.764666552,117.292
JER,C2,C,12-Jan-17,6.227139254,506.3049997
JER,D3,D,12-Jan-17,4.195202959,66.36720003
JER,D2,D,12-Jan-17,4.301072783,73.77890001
JER,D1,D,12-Jan-17,4.77346888,118.329
JER,E2,E,12-Jan-17,5.323044125,205.007
JER,E3,E,12-Jan-17,5.428239755,227.7480001
JER,E1,E,12-Jan-17,5.800077018,330.3249999
JER,F3,F,12-Jan-17,4.104075397,60.5867
JER,F1,F,12-Jan-17,6.066289048,431.0779999
JER,F2,F,12-Jan-17,6.485662189,655.673
JER,G2,G,12-Jan-17,5.141429611,170.96
JER,G1,G,12-Jan-17,5.408681841,223.3369999
JER,G3,G,12-Jan-17,6.845961787,940.0770002
JER,H3,H,12-Jan-17,4.169060802,64.65470002
JER,H1,H,12-Jan-17,4.253538219,70.35389999
JER,I3,I,12-Jan-17,5.484933854,241.0330001
JER,I1,I,12-Jan-17,5.835091399,342.0959999
JER,I2,I,12-Jan-17,6.234216589,509.9009999
JER,A3,A,8-Feb-17,5.049952156,156.0149999
JER,A1,A,8-Feb-17,5.151220086,172.642
JER,A2,A,8-Feb-17,5.921548929,372.9890002
JER,B1,B,8-Feb-17,4.166513274,64.49019998
JER,B2,B,8-Feb-17,4.906059656,135.1060001
JER,C1,C,8-Feb-17,4.142361412,62.95130003
JER,C3,C,8-Feb-17,4.33407643,76.25449999
JER,C2,C,8-Feb-17,5.78515353,325.4319999
JER,D2,D,8-Feb-17,3.976682769,53.33979999
JER,D3,D,8-Feb-17,3.9946918,54.30909998
JER,D1,D,8-Feb-17,4.39979042,81.43379998
JER,E3,E,8-Feb-17,4.661588326,105.804
JER,E2,E,8-Feb-17,5.09915886,163.8839999
JER,E1,E,8-Feb-17,5.439443595,230.3139999
JER,F3,F,8-Feb-17,3.224408491,25.13869999
JER,F1,F,8-Feb-17,5.968807299,391.0389999
JER,F2,F,8-Feb-17,6.053356601,425.5390001
JER,G2,G,8-Feb-17,4.829912459,125.2
JER,G1,G,8-Feb-17,5.295749071,199.4869999
JER,G3,G,8-Feb-17,6.682862699,798.602
JER,H3,H,8-Feb-17,3.267902152,26.25620001
JER,H2,H,8-Feb-17,3.388770487,29.62950001
JER,H1,H,8-Feb-17,3.898925608,49.34940001
JER,I3,I,8-Feb-17,5.117874045,166.98
JER,I1,I,8-Feb-17,5.410801946,223.8110001
JER,I2,I,8-Feb-17,5.871551432,354.799
JER,A3,A,8-Mar-17,5.309998871,202.3499999
JER,A1,A,8-Mar-17,5.375037638,215.948
JER,A2,A,8-Mar-17,5.624815022,277.221
JER,B1,B,8-Mar-17,4.460002207,86.48769997
JER,B2,B,8-Mar-17,5.036140585,153.8750001
JER,B3,B,8-Mar-17,5.560370044,259.919
JER,C1,C,8-Mar-17,4.569995756,96.54370004
JER,C3,C,8-Mar-17,4.755106283,116.176
JER,C2,C,8-Mar-17,6.003185587,404.7160002
JER,D3,D,8-Mar-17,4.302772366,73.90439999
JER,D2,D,8-Mar-17,4.49519236,89.58539998
JER,D1,D,8-Mar-17,4.506044637,90.56290001
JER,E2,E,8-Mar-17,5.138623854,170.4810001
JER,E3,E,8-Mar-17,5.389879623,219.1770001
JER,E1,E,8-Mar-17,5.869796788,354.1769999
JER,F3,F,8-Mar-17,4.171290171,64.79899999
JER,F2,F,8-Mar-17,5.619001336,275.614
JER,F1,F,8-Mar-17,5.968093561,390.7600001
JER,G2,G,8-Mar-17,5.338340642,208.167
JER,G1,G,8-Mar-17,5.553106861,258.038
JER,G3,G,8-Mar-17,6.504026163,667.8249999
JER,H3,H,8-Mar-17,4.072022263,58.67549999
JER,H2,H,8-Mar-17,4.299997372,73.69960002
JER,H1,H,8-Mar-17,4.330999094,76.02019997
JER,I3,I,8-Mar-17,5.360498424,212.8310001
JER,I1,I,8-Mar-17,5.438018438,229.9860001
JER,I2,I,8-Mar-17,5.72370601,306.0370001
JER,A3,A,5-Apr-17,4.489427068,89.07039997
JER,A1,A,5-Apr-17,4.686962132,108.523
JER,A2,A,5-Apr-17,4.77324913,118.303
JER,B1,B,5-Apr-17,4.048764739,57.32659998
JER,B2,B,5-Apr-17,4.170881131,64.77250003
JER,B3,B,5-Apr-17,4.939124971,139.648
JER,C1,C,5-Apr-17,4.073384766,58.75550002
JER,C3,C,5-Apr-17,4.147921663,63.30229997
JER,C2,C,5-Apr-17,5.072889959,159.635
JER,D2,D,5-Apr-17,4.009289452,55.10769998
JER,D3,D,5-Apr-17,4.029765151,56.24769998
JER,D1,D,5-Apr-17,4.205830777,67.07629997
JER,E2,E,5-Apr-17,4.142148526,62.9379
JER,E3,E,5-Apr-17,4.522986772,92.1103
JER,E1,E,5-Apr-17,4.928245946,138.137
JER,F3,F,5-Apr-17,3.593922962,36.37650001
JER,F2,F,5-Apr-17,5.309652876,202.28
JER,F1,F,5-Apr-17,5.905405444,367.0160001
JER,G2,G,5-Apr-17,4.842808183,126.8249999
JER,G1,G,5-Apr-17,4.936428856,139.2720001
JER,G3,G,5-Apr-17,5.464018228,236.0439999
JER,H3,H,5-Apr-17,3.636809542,37.97049998
JER,H1,H,5-Apr-17,3.853628769,47.16389998
JER,H2,H,5-Apr-17,3.930670063,50.94109998
JER,I1,I,5-Apr-17,4.616001317,101.089
JER,I2,I,5-Apr-17,4.833349039,125.631
JER,I3,I,5-Apr-17,4.847739823,127.452
JER,A3,A,2-May-17,3.064320396,21.41989999
JER,A1,A,2-May-17,3.06676839,21.47240001
JER,A2,A,2-May-17,3.164111249,23.66769999
JER,B1,B,2-May-17,2.681986816,14.6141
JER,B2,B,2-May-17,2.725700186,15.26709999
JER,B3,B,2-May-17,3.173757113,23.89710001
JER,C3,C,2-May-17,2.564880124,12.9991
JER,C1,C,2-May-17,2.672153557,14.4711
JER,C2,C,2-May-17,3.341751648,28.2686
JER,D3,D,2-May-17,2.551388594,12.8249
JER,D1,D,2-May-17,2.610194785,13.6017
JER,D2,D,2-May-17,2.645706603,14.0934
JER,E2,E,2-May-17,2.771450575,15.9818
JER,E3,E,2-May-17,3.014818958,20.38539999
JER,E1,E,2-May-17,3.153594628,23.4201
JER,F3,F,2-May-17,1.971033331,7.17809
JER,F2,F,2-May-17,3.361978269,28.84620001
JER,F1,F,2-May-17,3.692722062,40.15400001
JER,G2,G,2-May-17,3.146653458,23.25809999
JER,G1,G,2-May-17,3.20326257,24.6127
JER,G3,G,2-May-17,4.277715568,72.07559999
JER,H3,H,2-May-17,1.626645017,5.086779998
JER,H2,H,2-May-17,2.289212071,9.867159996
JER,H1,H,2-May-17,2.891970479,18.0288
JER,I1,I,2-May-17,3.4352477,31.0391
JER,I3,I,2-May-17,3.518598122,33.7371
JER,I2,I,2-May-17,3.94726659,51.79360003
JER,A3,A,30-May-17,3.269869274,26.30789999
JER,A1,A,30-May-17,3.815234533,45.38739998
JER,A2,A,30-May-17,3.917523848,50.2758
JER,B1,B,30-May-17,3.152167485,23.38670001
JER,B2,B,30-May-17,3.458056491,31.75519999
JER,B3,B,30-May-17,4.338453463,76.58899998
JER,C1,C,30-May-17,3.357450976,28.71589999
JER,C3,C,30-May-17,3.495995309,32.9831
JER,C2,C,30-May-17,4.317093369,74.9704
JER,D1,D,30-May-17,3.062086333,21.3721
JER,D3,D,30-May-17,3.131027734,22.89749999
JER,E2,E,30-May-17,3.538658128,34.42070001
JER,E1,E,30-May-17,3.710239691,40.86359999
JER,E3,E,30-May-17,3.765518684,43.18609999
JER,F3,F,30-May-17,2.077220327,7.982250003
JER,F1,F,30-May-17,4.150931239,63.49310003
JER,F2,F,30-May-17,4.251581902,70.2164
JER,G2,G,30-May-17,3.708995758,40.81280001
JER,G1,G,30-May-17,3.790856001,44.29430002
JER,H3,H,30-May-17,2.16643771,8.727139998
JER,H2,H,30-May-17,2.596947304,13.42270001
JER,H1,H,30-May-17,2.641767938,14.038
JER,I1,I,30-May-17,3.783935056,43.9888
JER,I3,I,30-May-17,4.100785442,60.38770001
JER,I2,I,30-May-17,4.675414274,107.277
JER,A1,A,27-Jun-17,4.057106416,57.80680001
JER,A3,A,27-Jun-17,4.209729168,67.33829997
JER,A2,A,27-Jun-17,4.34275552,76.91919998
JER,B3,B,27-Jun-17,4.278592041,72.1388
JER,B1,B,27-Jun-17,4.458613763,86.36769997
JER,B2,B,27-Jun-17,4.529250882,92.68909999
JER,C1,C,27-Jun-17,4.078030543,59.02910002
JER,C3,C,27-Jun-17,4.17024949,64.73159998
JER,C2,C,27-Jun-17,4.520124149,91.84699998
JER,D3,D,27-Jun-17,4.023600158,55.90200002
JER,D1,D,27-Jun-17,4.138508167,62.70919998
JER,E3,E,27-Jun-17,4.268111577,71.38669997
JER,E2,E,27-Jun-17,4.419571666,83.06070002
JER,E1,E,27-Jun-17,4.876356956,131.152
JER,F2,F,27-Jun-17,5.120828115,167.4739999
JER,F1,F,27-Jun-17,5.515825066,248.5949999
JER,G2,G,27-Jun-17,4.148777506,63.35649999
JER,G1,G,27-Jun-17,4.190346927,66.04570002
JER,G3,G,27-Jun-17,4.914139078,136.202
JER,H3,H,27-Jun-17,2.876633373,17.75440001
JER,H1,H,27-Jun-17,3.468737643,32.0962
JER,H2,H,27-Jun-17,3.599537181,36.5813
JER,I3,I,27-Jun-17,4.764120756,117.2279999
JER,I2,I,27-Jun-17,5.192000839,179.8280001
JER,I1,I,27-Jun-17,5.245090625,189.6329999
JER,A1,A,26-Jul-17,3.866751543,47.78689998
JER,A2,A,26-Jul-17,3.902657284,49.53390002
JER,A3,A,26-Jul-17,4.166080557,64.46230001
JER,B1,B,26-Jul-17,4.053499998,57.5987
JER,B2,B,26-Jul-17,4.224091302,68.31239999
JER,B3,B,26-Jul-17,4.967637323,143.687
JER,C1,C,26-Jul-17,3.631078187,37.75350001
JER,C2,C,26-Jul-17,3.992439182,54.18690001
JER,C3,C,26-Jul-17,4.114055682,61.1944
JER,D2,D,26-Jul-17,3.45603904,31.69120001
JER,D1,D,26-Jul-17,3.499660163,33.10420001
JER,D3,D,26-Jul-17,4.229424547,68.67770001
JER,E1,E,26-Jul-17,3.770302747,43.39320001
JER,E3,E,26-Jul-17,4.091306619,59.818
JER,E2,E,26-Jul-17,4.724915739,112.721
JER,F3,F,26-Jul-17,2.440841555,11.4827
JER,F2,F,26-Jul-17,3.549646122,34.801
JER,F1,F,26-Jul-17,4.147476083,63.27410002
JER,G1,G,26-Jul-17,3.545733417,34.66509999
JER,G2,G,26-Jul-17,3.705335803,40.66370002
JER,H2,H,26-Jul-17,1.805461828,6.082779998
JER,H3,H,26-Jul-17,1.871175827,6.49593
JER,H1,H,26-Jul-17,2.520482909,12.43459999
JER,I3,I,26-Jul-17,3.764842312,43.1569
JER,I1,I,26-Jul-17,4.057082197,57.8054
JER,I2,I,26-Jul-17,4.322234167,75.35680004
JER,A1,A,23-Aug-17,3.350742332,28.52389999
JER,B3,B,23-Aug-17,3.440523858,31.20329999
JER,B1,B,23-Aug-17,3.754152081,42.69800001
JER,C3,C,23-Aug-17,3.322536497,27.73060001
JER,C2,C,23-Aug-17,3.672600163,39.35410002
JER,D2,D,23-Aug-17,2.562276558,12.9653
JER,D1,D,23-Aug-17,3.362449623,28.85979999
JER,D3,D,23-Aug-17,3.505827631,33.30900001
JER,E1,E,23-Aug-17,3.407606797,30.19289999
JER,E3,E,23-Aug-17,3.744231376,42.27649999
JER,F2,F,23-Aug-17,3.739406205,42.07300001
JER,F1,F,23-Aug-17,3.879617575,48.40569998
JER,G1,G,23-Aug-17,3.140723995,23.1206
JER,G2,G,23-Aug-17,3.386963222,29.57600001
JER,G3,G,23-Aug-17,3.838664906,46.4634
JER,H3,H,23-Aug-17,1.710867512,5.533759999
JER,H1,H,23-Aug-17,2.171771148,8.773810003
JER,I1,I,23-Aug-17,3.626714115,37.58910001
JER,I3,I,23-Aug-17,3.659674614,38.84869999
JER,A1,A,20-Sep-17,3.271460685,26.3498
JER,A3,A,20-Sep-17,3.484778437,32.61519999
JER,B2,B,20-Sep-17,2.894502105,18.0745
JER,B1,B,20-Sep-17,3.334455546,28.0631
JER,B3,B,20-Sep-17,3.515052714,33.6177
JER,C3,C,20-Sep-17,2.802438744,16.4848
JER,C2,C,20-Sep-17,3.086934025,21.90979999
JER,C1,C,20-Sep-17,3.255863277,25.942
JER,D2,D,20-Sep-17,2.113039506,8.273350003
JER,D3,D,20-Sep-17,2.541735843,12.7017
JER,D1,D,20-Sep-17,2.96035895,19.30490001
JER,E3,E,20-Sep-17,2.974202155,19.574
JER,E2,E,20-Sep-17,3.184615588,24.158
JER,E1,E,20-Sep-17,3.461906706,31.87770001
JER,F3,F,20-Sep-17,0.857419322,2.357069999
JER,F2,F,20-Sep-17,3.568977613,35.4803
JER,G1,G,20-Sep-17,2.916992051,18.48560001
JER,G2,G,20-Sep-17,3.2535207,25.88129999
JER,G3,G,20-Sep-17,3.787282573,44.13629999
JER,H2,H,20-Sep-17,0.511871077,1.66841
JER,H1,H,20-Sep-17,2.005069496,7.426609999
JER,H3,H,20-Sep-17,2.56203743,12.96220001
JER,I3,I,20-Sep-17,3.798749039,44.64530002
JER,I1,I,20-Sep-17,3.86385115,47.6485
JER,I2,I,20-Sep-17,4.48174979,88.38919998
JER,A3,A,18-Oct-17,1.695835768,5.4512
JER,A1,A,18-Oct-17,2.054599262,7.803710003
JER,B2,B,18-Oct-17,1.197561294,3.312029998
JER,B3,B,18-Oct-17,1.458696415,4.300350001
JER,B1,B,18-Oct-17,2.842726771,17.1625
JER,C1,C,18-Oct-17,1.554265525,4.731609999
JER,D2,D,18-Oct-17,0.572814021,1.77325
JER,D1,D,18-Oct-17,1.064079503,2.898169999
JER,D3,D,18-Oct-17,1.167089916,3.212629999
JER,E1,E,18-Oct-17,1.260087507,3.52573
JER,E2,E,18-Oct-17,1.438602141,4.214800001
JER,E3,E,18-Oct-17,1.683652593,5.385189999
JER,F1,F,18-Oct-17,1.244736557,3.472019999
JER,G2,G,18-Oct-17,0.945503843,2.574109999
JER,G3,G,18-Oct-17,1.867474364,6.471930001
JER,H2,H,18-Oct-17,-0.353740682,0.702057
JER,H1,H,18-Oct-17,0.390114556,1.477150001
JER,I3,I,18-Oct-17,1.641601087,5.163429998
JER,I1,I,18-Oct-17,2.189942572,8.934699998
JER,I2,I,18-Oct-17,2.753501464,15.6975
JER,A2,A,15-Nov-17,1.94530854,6.995790003
JER,A1,A,15-Nov-17,2.326145357,10.2384
JER,B2,B,15-Nov-17,1.275360007,3.57999
JER,B1,B,15-Nov-17,1.671452626,5.319889998
JER,B3,B,15-Nov-17,1.735402499,5.671210001
JER,C2,C,15-Nov-17,1.545745966,4.691469999
JER,C1,C,15-Nov-17,1.734386326,5.665449997
JER,C3,C,15-Nov-17,1.832901413,6.252000003
JER,D1,D,15-Nov-17,1.458321957,4.298740002
JER,D3,D,15-Nov-17,1.665667006,5.289200002
JER,D2,D,15-Nov-17,1.790081395,5.989939998
JER,E3,E,15-Nov-17,1.772343867,5.88463
JER,E1,E,15-Nov-17,1.956582991,7.075109999
JER,E2,E,15-Nov-17,2.090555799,8.089410001
JER,F3,F,15-Nov-17,0.212778014,1.23711
JER,F2,F,15-Nov-17,1.839652406,6.294350002
JER,G2,G,15-Nov-17,0.533224877,1.70442
JER,G1,G,15-Nov-17,0.927907001,2.52921
JER,G3,G,15-Nov-17,2.144335859,8.536370001
JER,H2,H,15-Nov-17,0.922447739,2.515440001
JER,H1,H,15-Nov-17,1.037311188,2.82162
JER,I3,I,15-Nov-17,1.906891587,6.732130001
JER,I1,I,15-Nov-17,2.343410288,10.41670001
JER,I2,I,15-Nov-17,3.100439076,22.20770001
JER,A2,A,20-Dec-17,-2.509614182,0.0812996
JER,A3,A,20-Dec-17,-1.490548822,0.225249
JER,A1,A,20-Dec-17,-0.610084422,0.543305
JER,B1,B,20-Dec-17,-1.267658356,0.28149
JER,C3,C,20-Dec-17,-1.47431279,0.228936
JER,C1,C,20-Dec-17,-0.357857071,0.699173
JER,D2,D,20-Dec-17,-0.436852065,0.646067
JER,D3,D,20-Dec-17,-0.397324334,0.672116
JER,D1,D,20-Dec-17,-0.278090882,0.757228
JER,E2,E,20-Dec-17,-0.488169229,0.613749
JER,F3,F,20-Dec-17,-1.832837747,0.159959
JER,F2,F,20-Dec-17,-0.958856433,0.383331
JER,G1,G,20-Dec-17,-1.710751074,0.18073
JER,G3,G,20-Dec-17,-0.569740874,0.565672
JER,H3,H,20-Dec-17,-0.835971908,0.433453
JER,I3,I,20-Dec-17,-0.132414303,0.875978
JER,I2,I,20-Dec-17,0.039422616,1.04021
JER,A3,A,16-Jan-18,2.939177795,18.9003
JER,A2,A,16-Jan-18,3.127418214,22.81499999
JER,A1,A,16-Jan-18,3.317685329,27.59639999
JER,B2,B,16-Jan-18,1.563496586,4.775489998
JER,B1,B,16-Jan-18,1.57078232,4.810410002
JER,B3,B,16-Jan-18,4.466228757,87.02790001
JER,C1,C,16-Jan-18,1.544513183,4.685689998
JER,C2,C,16-Jan-18,3.961936348,52.55899999
JER,D3,D,16-Jan-18,0.973045286,2.645989999
JER,E2,E,16-Jan-18,2.336116576,10.341
JER,E3,E,16-Jan-18,2.787354174,16.23799999
JER,E1,E,16-Jan-18,2.825720638,16.8731
JER,F3,F,16-Jan-18,1.024240692,2.78498
JER,F2,F,16-Jan-18,3.344080143,28.33449999
JER,F1,F,16-Jan-18,4.387816093,80.46449997
JER,G2,G,16-Jan-18,1.502609654,4.493400002
JER,G1,G,16-Jan-18,3.010404114,20.2956
JER,G3,G,16-Jan-18,5.384352851,217.969
JER,H3,H,16-Jan-18,0.521041266,1.68378
JER,H2,H,16-Jan-18,1.009843004,2.74517
JER,H1,H,16-Jan-18,1.182309848,3.261900001
JER,I3,I,16-Jan-18,2.663631468,14.3483
JER,I1,I,16-Jan-18,4.955679159,141.979
JER,I2,I,16-Jan-18,5.663526292,288.1629999
JER,A3,A,13-Feb-18,3.955478968,52.2207
JER,A1,A,13-Feb-18,4.102441692,60.48780001
JER,A2,A,13-Feb-18,4.277707244,72.07500003
JER,B1,B,13-Feb-18,2.741033554,15.50300001
JER,B2,B,13-Feb-18,2.990357857,19.8928
JER,B3,B,13-Feb-18,5.024209414,152.05
JER,C1,C,13-Feb-18,2.65566157,14.2344
JER,C3,C,13-Feb-18,3.196842872,24.45519999
JER,C2,C,13-Feb-18,4.805200677,122.1440001
JER,D2,D,13-Feb-18,2.371756615,10.7162
JER,D3,D,13-Feb-18,2.396403251,10.9836
JER,D1,D,13-Feb-18,2.553903966,12.8572
JER,E2,E,13-Feb-18,3.313025331,27.46809999
JER,E3,E,13-Feb-18,3.566742893,35.4011
JER,E1,E,13-Feb-18,4.087845153,59.61129998
JER,F3,F,13-Feb-18,2.027126673,7.59224
JER,F2,F,13-Feb-18,4.337391389,76.50769997
JER,F1,F,13-Feb-18,5.139772881,170.6769999
JER,G2,G,13-Feb-18,2.713322942,15.07929999
JER,G1,G,13-Feb-18,3.552240381,34.89140002
JER,G3,G,13-Feb-18,5.882740046,358.7909999
JER,H3,H,13-Feb-18,1.680684509,5.36923
JER,H2,H,13-Feb-18,2.131647295,8.428740003
JER,H1,H,13-Feb-18,2.261515151,9.597619999
JER,I3,I,13-Feb-18,3.666214534,39.10359999
JER,I1,I,13-Feb-18,5.059660351,157.537
JER,I2,I,13-Feb-18,5.577534966,264.4189999
JER,A2,A,14-Mar-18,2.845043096,17.2023
JER,A3,A,14-Mar-18,3.19120448,24.31769999
JER,A1,A,14-Mar-18,3.740173624,42.10530002
JER,B1,B,14-Mar-18,1.813628587,6.132659998
JER,B2,B,14-Mar-18,2.070243116,7.926750003
JER,B3,B,14-Mar-18,3.95446928,52.168
JER,C1,C,14-Mar-18,2.012848912,7.484609998
JER,C3,C,14-Mar-18,2.378601243,10.7898
JER,C2,C,14-Mar-18,3.630921898,37.74760002
JER,D2,D,14-Mar-18,1.418245929,4.129869998
JER,D3,D,14-Mar-18,1.698063985,5.463359999
JER,D1,D,14-Mar-18,2.490946705,12.0727
JER,E3,E,14-Mar-18,1.887958648,6.605870002
JER,E2,E,14-Mar-18,2.906130271,18.2859
JER,E1,E,14-Mar-18,3.270989982,26.33739999
JER,F3,F,14-Mar-18,0.300822853,1.35097
JER,F2,F,14-Mar-18,2.524624034,12.48619999
JER,F1,F,14-Mar-18,3.438271562,31.1331
JER,G2,G,14-Mar-18,2.034678196,7.649789996
JER,G1,G,14-Mar-18,2.485556439,12.0078
JER,G3,G,14-Mar-18,3.220346743,25.03680001
JER,H1,H,14-Mar-18,0.594171792,1.81153
JER,I3,I,14-Mar-18,3.15623417,23.482
JER,I1,I,14-Mar-18,3.442467276,31.264
JER,I2,I,14-Mar-18,3.536712638,34.35379998
JER,A3,A,10-Apr-18,4.984085959,146.07
JER,A2,A,10-Apr-18,5.055417437,156.87
JER,A1,A,10-Apr-18,5.142639688,171.167
JER,B1,B,10-Apr-18,3.712395765,40.95179998
JER,B3,B,10-Apr-18,5.415340113,224.8289999
JER,C1,C,10-Apr-18,4.006400023,54.94870002
JER,C3,C,10-Apr-18,4.429270366,83.87020003
JER,C2,C,10-Apr-18,5.826100397,339.0339999
JER,D2,D,10-Apr-18,3.398543864,29.92049999
JER,D1,D,10-Apr-18,3.690016308,40.04550001
JER,E3,E,10-Apr-18,4.066579317,58.35699998
JER,E2,E,10-Apr-18,4.322093492,75.34619996
JER,E1,E,10-Apr-18,5.763515719,318.466
JER,F3,F,10-Apr-18,3.714539891,41.0397
JER,F2,F,10-Apr-18,5.053982099,156.6450001
JER,F1,F,10-Apr-18,5.708511276,301.4219999
JER,G2,G,10-Apr-18,4.091129399,59.80739999
JER,G1,G,10-Apr-18,4.539915675,93.68289998
JER,G3,G,10-Apr-18,6.239415826,512.5589998
JER,H3,H,10-Apr-18,3.383233663,29.46590001
JER,H2,H,10-Apr-18,3.432405309,30.95100001
JER,H1,H,10-Apr-18,3.452115439,31.5671
JER,I3,I,10-Apr-18,5.178604345,177.4350001
JER,I1,I,10-Apr-18,5.280295952,196.428
JER,I2,I,10-Apr-18,5.336797421,207.846
JER,A2,A,9-May-18,4.224423544,68.33510001
JER,A3,A,9-May-18,4.340625045,76.75549999
JER,A1,A,9-May-18,4.707555279,110.7809999
JER,B2,B,9-May-18,3.422772946,30.65429999
JER,B1,B,9-May-18,3.460355831,31.8283
JER,C1,C,9-May-18,3.326947861,27.8532
JER,C2,C,9-May-18,4.458803631,86.38409999
JER,D2,D,9-May-18,2.947974826,19.0673
JER,D3,D,9-May-18,3.020029686,20.4919
JER,D1,D,9-May-18,4.0511256,57.4621
JER,E2,E,9-May-18,3.568619604,35.46760001
JER,E3,E,9-May-18,3.606554352,36.8389
JER,E1,E,9-May-18,4.752382566,115.86
JER,F3,F,9-May-18,2.919320881,18.52869999
JER,F2,F,9-May-18,4.298340632,73.57760003
JER,F1,F,9-May-18,4.933034048,138.8
JER,G2,G,9-May-18,3.592065644,36.30899998
JER,G1,G,9-May-18,3.69796555,40.36509999
JER,G3,G,9-May-18,4.921016885,137.1419999
JER,H3,H,9-May-18,2.734276596,15.3986
JER,H1,H,9-May-18,2.996776728,20.0209
JER,I1,I,9-May-18,4.435715495,84.41250001
JER,I3,I,9-May-18,4.479603562,88.19970003
JER,I2,I,9-May-18,4.528654086,92.63380001
JER,A2,A,6-Jun-18,2.21703483,9.180070001
JER,A3,A,6-Jun-18,2.491989838,12.0853
JER,A1,A,6-Jun-18,2.956091872,19.22269999
JER,B2,B,6-Jun-18,2.214514246,9.156960001
JER,B1,B,6-Jun-18,2.230459462,9.304139996
JER,B3,B,6-Jun-18,3.347909116,28.44319999
JER,C1,C,6-Jun-18,2.055403683,7.809989997
JER,C3,C,6-Jun-18,2.461876821,11.7268
JER,C2,C,6-Jun-18,3.129856615,22.87069999
JER,D2,D,6-Jun-18,1.783246671,5.949139998
JER,D1,D,6-Jun-18,1.785957671,5.965289998
JER,D3,D,6-Jun-18,4.582702671,97.7783
JER,E3,E,6-Jun-18,2.756586365,15.746
JER,E2,E,6-Jun-18,2.811905585,16.64160001
JER,E1,E,6-Jun-18,3.875925251,48.22730001
JER,F3,F,6-Jun-18,0.810827989,2.249770001
JER,F2,F,6-Jun-18,2.991402915,19.91359999
JER,F1,F,6-Jun-18,3.276963585,26.49520001
JER,G1,G,6-Jun-18,2.270162103,9.680970001
JER,G2,G,6-Jun-18,2.418464095,11.2286
JER,G3,G,6-Jun-18,3.448999757,31.46890001
JER,H3,H,6-Jun-18,0.860168957,2.36356
JER,H1,H,6-Jun-18,1.536056138,4.64623
JER,I3,I,6-Jun-18,2.885470879,17.91199999
JER,I1,I,6-Jun-18,3.299020681,27.0861
JER,I2,I,6-Jun-18,3.692129168,40.1302
JER,A2,A,5-Jul-18,3.216392745,24.93800001
JER,A1,A,5-Jul-18,3.36753718,29.007
JER,A3,A,5-Jul-18,3.56612973,35.37940001
JER,B2,B,5-Jul-18,3.245899377,25.68479999
JER,B3,B,5-Jul-18,3.534214892,34.26809999
JER,C3,C,5-Jul-18,2.855360395,17.3807
JER,C1,C,5-Jul-18,3.185997198,24.1914
JER,C2,C,5-Jul-18,3.612446474,37.05660002
JER,D1,D,5-Jul-18,2.751179931,15.6611
JER,D2,D,5-Jul-18,2.827674504,16.90610001
JER,D3,D,5-Jul-18,3.337913185,28.16030001
JER,E1,E,5-Jul-18,3.392042268,29.7266
JER,E3,E,5-Jul-18,3.448561132,31.45509999
JER,E2,E,5-Jul-18,3.577484099,35.78340001
JER,F3,F,5-Jul-18,1.285877163,3.617840001
JER,F2,F,5-Jul-18,3.678892248,39.60250002
JER,F1,F,5-Jul-18,3.962828281,52.60590001
JER,G1,G,5-Jul-18,3.044546247,21.0005
JER,G2,G,5-Jul-18,3.102467843,22.25279999
JER,H3,H,5-Jul-18,0.917330191,2.502599999
JER,H2,H,5-Jul-18,0.99999197,2.718260001
JER,H1,H,5-Jul-18,1.431843565,4.186410001
JER,I1,I,5-Jul-18,3.443055639,31.2824
JER,I2,I,5-Jul-18,3.603212627,36.71599999
JER,I3,I,5-Jul-18,3.633366744,37.83999999
JER,A1,A,1-Aug-18,3.166541989,23.72529999
JER,A2,A,1-Aug-18,3.496268139,32.9921
JER,B2,B,1-Aug-18,3.595378886,36.4295
JER,B1,B,1-Aug-18,3.958513384,52.37939999
JER,B3,B,1-Aug-18,4.107690113,60.80610001
JER,C1,C,1-Aug-18,2.370383919,10.7015
JER,C2,C,1-Aug-18,3.652002792,38.55180002
JER,C3,C,1-Aug-18,4.170016192,64.71649999
JER,D1,D,1-Aug-18,3.002494359,20.1357
JER,D2,D,1-Aug-18,3.077574899,21.7057
JER,D3,D,1-Aug-18,3.51232424,33.5261
JER,E1,E,1-Aug-18,3.491016757,32.8193
JER,E3,E,1-Aug-18,3.518941898,33.7487
JER,F3,F,1-Aug-18,1.771617985,5.880360003
JER,F2,F,1-Aug-18,3.927008165,50.7549
JER,G1,G,1-Aug-18,2.859918278,17.4601
JER,G3,G,1-Aug-18,3.614091251,37.11760001
JER,G2,G,1-Aug-18,3.716650251,41.1264
JER,H1,H,1-Aug-18,0.777929408,2.17696
JER,H2,H,1-Aug-18,1.197935617,3.31327
JER,H3,H,1-Aug-18,1.609619896,5.000910001
JER,I1,I,1-Aug-18,3.465654649,31.99739998
JER,I3,I,1-Aug-18,3.689351843,40.01890002
JER,I2,I,1-Aug-18,4.018429574,55.61370001
JER,A3,A,29-Aug-18,3.121981591,22.6913
JER,A1,A,29-Aug-18,3.597482109,36.50619999
JER,A2,A,29-Aug-18,3.894907365,49.1515
JER,B1,B,29-Aug-18,3.601710792,36.6609
JER,C1,C,29-Aug-18,3.148526319,23.30169999
JER,C3,C,29-Aug-18,3.335808721,28.10109999
JER,C2,C,29-Aug-18,3.51036265,33.4604
JER,D3,D,29-Aug-18,2.731382539,15.35409999
JER,D2,D,29-Aug-18,3.275320428,26.45169999
JER,D1,D,29-Aug-18,3.809717817,45.13769998
JER,E1,E,29-Aug-18,3.588072444,36.16429999
JER,E3,E,29-Aug-18,3.993267452,54.23179999
JER,F2,F,29-Aug-18,4.462029342,86.66320004
JER,G3,G,29-Aug-18,2.132706204,8.437669999
JER,G1,G,29-Aug-18,2.86985154,17.6344
JER,G2,G,29-Aug-18,3.823169934,45.74900002
JER,H3,H,29-Aug-18,1.228127711,3.414829999
JER,H1,H,29-Aug-18,2.682103135,14.61579999
JER,H2,H,29-Aug-18,4.6591753,105.549
JER,I2,I,29-Aug-18,3.443726718,31.3034
JER,I1,I,29-Aug-18,3.739415712,42.0734
JER,I3,I,29-Aug-18,3.970090006,52.98929998
JER,A2,A,27-Sep-18,2.01772437,7.521189999
JER,B2,B,27-Sep-18,1.890033434,6.619589997
JER,B1,B,27-Sep-18,2.291213683,9.886930001
JER,C3,C,27-Sep-18,2.318950447,10.165
JER,D2,D,27-Sep-18,1.314868174,3.724259999
JER,D3,D,27-Sep-18,1.693527191,5.43863
JER,D1,D,27-Sep-18,2.339003807,10.3709
JER,E3,E,27-Sep-18,2.126617308,8.386449999
JER,F2,F,27-Sep-18,2.650901199,14.1668
JER,F1,F,27-Sep-18,3.978911264,53.45880001
JER,G3,G,27-Sep-18,1.92261374,6.838810001
JER,H1,H,27-Sep-18,1.064245111,2.898649999
JER,I2,I,27-Sep-18,4.873248861,130.745
JER,I1,I,27-Sep-18,5.060548637,157.677
JER,A3,A,26-Oct-18,1.895987344,6.659120002
JER,A2,A,26-Oct-18,2.640021151,14.0135
JER,B2,B,26-Oct-18,2.027474336,7.59488
JER,B3,B,26-Oct-18,2.378026461,10.78359999
JER,B1,B,26-Oct-18,2.467582449,11.7939
JER,C1,C,26-Oct-18,2.28484873,9.824200005
JER,C3,C,26-Oct-18,2.422117708,11.2697
JER,C2,C,26-Oct-18,2.964674949,19.3884
JER,D3,D,26-Oct-18,2.265958452,9.640359997
JER,D1,D,26-Oct-18,2.350736958,10.4933
JER,D2,D,26-Oct-18,2.413589651,11.174
JER,E1,E,26-Oct-18,1.908687325,6.744230003
JER,E2,E,26-Oct-18,2.053361905,7.794059999
JER,E3,E,26-Oct-18,2.430344862,11.3628
JER,F3,F,26-Oct-18,0.893455992,2.443559999
JER,G2,G,26-Oct-18,2.43661761,11.4343
JER,G3,G,26-Oct-18,2.528484843,12.53450001
JER,G1,G,26-Oct-18,2.606755483,13.555
JER,H2,H,26-Oct-18,-0.315164272,0.729669
JER,H3,H,26-Oct-18,1.404048323,4.071650001
JER,H1,H,26-Oct-18,1.437987451,4.212210002
JER,I2,I,26-Oct-18,1.558313025,4.7508
JER,I1,I,26-Oct-18,2.313436008,10.1091
JER,I3,I,26-Oct-18,2.989367058,19.87309999
JER,A2,A,20-Nov-18,0.517233052,1.67738
JER,A3,A,20-Nov-18,0.521824909,1.6851
JER,B3,B,20-Nov-18,2.112951267,8.272620003
JER,B1,B,20-Nov-18,3.706601487,40.7152
JER,C1,C,20-Nov-18,-1.738658609,0.175756
JER,C3,C,20-Nov-18,-0.270161786,0.763256
JER,C2,C,20-Nov-18,2.0404577,7.694129996
JER,D1,D,20-Nov-18,-1.204312862,0.299898
JER,E1,E,20-Nov-18,0.085948312,1.08975
JER,E3,E,20-Nov-18,0.256586064,1.29251
JER,F3,F,20-Nov-18,-1.516248161,0.219534
JER,F2,F,20-Nov-18,-0.393392279,0.674764
JER,F1,F,20-Nov-18,1.192117811,3.294050001
JER,G2,G,20-Nov-18,-1.821326292,0.161811
JER,G1,G,20-Nov-18,-0.238481834,0.787823
JER,G3,G,20-Nov-18,2.013785063,7.491620004
JER,I3,I,20-Nov-18,1.388304839,4.008050001
JER,I2,I,20-Nov-18,1.83751169,6.280889999
JER,A1,A,20-Dec-18,4.685680477,108.384
JER,A2,A,20-Dec-18,4.744566844,114.958
JER,A3,A,20-Dec-18,5.273537875,195.105
JER,B1,B,20-Dec-18,4.519435811,91.78379996
JER,B2,B,20-Dec-18,4.735610556,113.933
JER,B3,B,20-Dec-18,5.924766362,374.1909999
JER,C1,C,20-Dec-18,2.934797916,18.81769999
JER,C3,C,20-Dec-18,3.963890335,52.6618
JER,C2,C,20-Dec-18,6.390319523,596.047
JER,D2,D,20-Dec-18,3.498012489,33.0497
JER,D3,D,20-Dec-18,4.466232204,87.02819999
JER,D1,D,20-Dec-18,5.517456913,249.0010001
JER,E2,E,20-Dec-18,4.250634381,70.1499
JER,E3,E,20-Dec-18,5.194416896,180.2630001
JER,E1,E,20-Dec-18,5.847169722,346.2530001
JER,F3,F,20-Dec-18,2.99167405,19.919
JER,F2,F,20-Dec-18,5.73305321,308.9110001
JER,F1,F,20-Dec-18,6.556958738,704.1270003
JER,G2,G,20-Dec-18,3.219979216,25.0276
JER,G1,G,20-Dec-18,3.982306244,53.6406
JER,G3,G,20-Dec-18,6.374375546,586.619
JER,H3,H,20-Dec-18,2.317818474,10.1535
JER,H2,H,20-Dec-18,2.701132999,14.8966
JER,H1,H,20-Dec-18,3.283558086,26.67050001
JER,I3,I,20-Dec-18,5.618438797,275.4589999
JER,I1,I,20-Dec-18,5.770886452,320.8219999
JER,I2,I,20-Dec-18,5.913140778,369.866
JER,A2,A,4-Feb-19,3.167759357,23.7542
JER,A3,A,4-Feb-19,3.502387212,33.1946
JER,A1,A,4-Feb-19,3.926791414,50.74390002
JER,B2,B,4-Feb-19,2.405078502,11.0793
JER,B3,B,4-Feb-19,3.403434877,30.06720001
JER,C1,C,4-Feb-19,1.736303135,5.676319998
JER,C3,C,4-Feb-19,2.41130496,11.1485
JER,C2,C,4-Feb-19,3.889938938,48.90790002
JER,D2,D,4-Feb-19,1.882063198,6.567039998
JER,D3,D,4-Feb-19,2.578495652,13.1773
JER,D1,D,4-Feb-19,3.306729181,27.29570001
JER,E2,E,4-Feb-19,2.582675925,13.2325
JER,E3,E,4-Feb-19,3.139637793,23.09549999
JER,E1,E,4-Feb-19,4.241515224,69.5131
JER,F3,F,4-Feb-19,1.582377048,4.866510001
JER,F2,F,4-Feb-19,3.541747419,34.52719999
JER,F1,F,4-Feb-19,4.101426096,60.42640003
JER,G2,G,4-Feb-19,2.18071459,8.85263
JER,G1,G,4-Feb-19,2.394380011,10.9614
JER,G3,G,4-Feb-19,4.562399419,95.81310002
JER,H2,H,4-Feb-19,1.27833046,3.590640001
JER,H3,H,4-Feb-19,1.388454526,4.008649999
JER,H1,H,4-Feb-19,1.729289917,5.636649998
JER,I2,I,4-Feb-19,3.634618603,37.8874
JER,I3,I,4-Feb-19,3.721924889,41.34389998
JER,A3,A,5-Mar-19,4.48718588,88.87099999
JER,A1,A,5-Mar-19,4.577108103,97.23279999
JER,A2,A,5-Mar-19,4.618599606,101.352
JER,B1,B,5-Mar-19,3.413926028,30.38430001
JER,B2,B,5-Mar-19,3.754416695,42.7093
JER,B3,B,5-Mar-19,5.035217331,153.7329999
JER,C1,C,5-Mar-19,3.41193618,30.32389999
JER,C3,C,5-Mar-19,4.184643723,65.6701
JER,C2,C,5-Mar-19,5.469405228,237.3190001
JER,D2,D,5-Mar-19,2.924859064,18.6316
JER,D3,D,5-Mar-19,3.061192245,21.353
JER,D1,D,5-Mar-19,3.272098058,26.36660001
JER,E3,E,5-Mar-19,3.855717169,47.26249999
JER,E2,E,5-Mar-19,3.960031912,52.45899999
JER,E1,E,5-Mar-19,5.258182636,192.132
JER,F3,F,5-Mar-19,2.931732274,18.7601
JER,F2,F,5-Mar-19,5.041086902,154.6380001
JER,F1,F,5-Mar-19,5.059857111,157.568
JER,G2,G,5-Mar-19,4.013808538,55.35729998
JER,G1,G,5-Mar-19,4.518657594,91.71240003
JER,G3,G,5-Mar-19,5.841167682,344.1810001
JER,H2,H,5-Mar-19,2.762184789,15.83440001
JER,H3,H,5-Mar-19,3.020761415,20.5069
JER,H1,H,5-Mar-19,3.145711407,23.23619999
JER,I2,I,5-Mar-19,4.380192454,79.85340003
JER,I3,I,5-Mar-19,4.993048211,147.385
JER,A3,A,4-Apr-19,5.429380716,228.008
JER,A2,A,4-Apr-19,6.154985474,471.0599998
JER,A1,A,4-Apr-19,6.234204822,509.8949999
JER,B1,B,4-Apr-19,5.405259631,222.5740001
JER,B2,B,4-Apr-19,5.640711321,281.663
JER,B3,B,4-Apr-19,6.161373974,474.0789998
JER,C1,C,4-Apr-19,5.496893597,243.9329999
JER,C3,C,4-Apr-19,5.790959671,327.3269999
JER,C2,C,4-Apr-19,6.720492736,829.2260003
JER,D2,D,4-Apr-19,4.887600995,132.635
JER,D1,D,4-Apr-19,4.920250962,137.037
JER,E3,E,4-Apr-19,5.399392714,221.272
JER,E2,E,4-Apr-19,5.576490623,264.143
JER,E1,E,4-Apr-19,6.707175246,818.2559999
JER,F3,F,4-Apr-19,4.833571889,125.659
JER,F2,F,4-Apr-19,5.974885369,393.423
JER,F1,F,4-Apr-19,6.338521637,565.9589998
JER,G1,G,4-Apr-19,5.987627194,398.468
JER,G2,G,4-Apr-19,5.995561145,401.6420002
JER,G3,G,4-Apr-19,6.878528302,971.1960003
JER,H3,H,4-Apr-19,4.690512671,108.909
JER,H2,H,4-Apr-19,4.852061513,128.0039999
JER,H1,H,4-Apr-19,5.018629918,151.2039999
JER,I1,I,4-Apr-19,5.885778979,359.8830001
JER,I2,I,4-Apr-19,6.186648856,486.2139999
JER,A1,A,20-Sep-19,3.165479268,23.70010001
JER,A2,A,20-Sep-19,3.483597309,32.5767
JER,A3,A,20-Sep-19,3.470014238,32.13720001
JER,B2,B,20-Sep-19,3.642199188,38.17570002
JER,B3,B,20-Sep-19,3.345762188,28.3822
JER,C1,C,20-Sep-19,2.841018102,17.13320001
JER,C2,C,20-Sep-19,3.733711796,41.83409998
JER,C3,C,20-Sep-19,3.11670134,22.57180001
JER,D1,D,20-Sep-19,3.500526746,33.13289999
JER,D2,D,20-Sep-19,3.076948139,21.6921
JER,D3,D,20-Sep-19,2.44180776,11.49380001
JER,E1,E,20-Sep-19,3.47771388,32.38560001
JER,E2,E,20-Sep-19,3.420823523,30.59460001
JER,E3,E,20-Sep-19,3.214116517,24.88129999
JER,F1,F,20-Sep-19,3.897905825,49.29909999
JER,F2,F,20-Sep-19,3.919790758,50.38989999
JER,F3,F,20-Sep-19,1.734050904,5.66355
JER,G1,G,20-Sep-19,3.863706329,47.64159999
JER,G2,G,20-Sep-19,4.113445963,61.15709998
JER,H1,H,20-Sep-19,2.447888177,11.5639
JER,I2,I,20-Sep-19,3.584276984,36.02729999
JER,I3,I,20-Sep-19,4.228069478,68.58470001
JER,A1,A,18-Oct-19,3.01900925,20.47099999
JER,A2,A,18-Oct-19,1.883996751,6.579750002
JER,A3,A,18-Oct-19,2.989925447,19.88420001
JER,B1,B,18-Oct-19,3.063124531,21.39429999
JER,B2,B,18-Oct-19,3.00096854,20.10499999
JER,C2,C,18-Oct-19,3.317279397,27.5852
JER,D1,D,18-Oct-19,2.820008901,16.777
JER,D3,D,18-Oct-19,2.767117533,15.91270001
JER,E1,E,18-Oct-19,3.252573622,25.85679999
JER,E2,E,18-Oct-19,3.411160914,30.30040001
JER,E3,E,18-Oct-19,3.206321346,24.6881
JER,F1,F,18-Oct-19,3.527885831,34.05189999
JER,F2,F,18-Oct-19,2.973951792,19.56910001
JER,F3,F,18-Oct-19,1.414536763,4.114579999
JER,G1,G,18-Oct-19,2.75862924,15.77819999
JER,G2,G,18-Oct-19,3.263240975,26.1341
JER,G3,G,18-Oct-19,3.317018353,27.57799999
JER,H1,H,18-Oct-19,1.939396122,6.954550003
JER,H3,H,18-Oct-19,1.542366052,4.675640001
JER,I2,I,18-Oct-19,3.337483409,28.14819999
JER,I3,I,18-Oct-19,3.536928021,34.36120001
JER,A1,A,15-Nov-19,3.271122864,26.34089999
JER,A2,A,15-Nov-19,2.310910342,10.0836
JER,B1,B,15-Nov-19,2.184691926,8.887909998
JER,B2,B,15-Nov-19,2.106871867,8.222480002
JER,B3,B,15-Nov-19,4.172753629,64.89390003
JER,C2,C,15-Nov-19,4.3236968,75.46710002
JER,C3,C,15-Nov-19,1.841985111,6.309050003
JER,D1,D,15-Nov-19,1.583126791,4.870160001
JER,D2,D,15-Nov-19,0.935293039,2.54796
JER,D3,D,15-Nov-19,1.780585607,5.933330001
JER,E1,E,15-Nov-19,3.287748689,26.7825
JER,E2,E,15-Nov-19,3.193254381,24.3676
JER,E3,E,15-Nov-19,2.083919003,8.035900001
JER,F1,F,15-Nov-19,4.510717738,90.98709998
JER,F2,F,15-Nov-19,2.879659025,17.80819999
JER,F3,F,15-Nov-19,0.206005531,1.22876
JER,G1,G,15-Nov-19,1.621372412,5.060029999
JER,G2,G,15-Nov-19,1.410745481,4.099009999
JER,G3,G,15-Nov-19,4.60634949,100.118
JER,H2,H,15-Nov-19,0.154676256,1.16728
JER,H3,H,15-Nov-19,-0.455367265,0.634215
JER,I1,I,15-Nov-19,3.863620266,47.63749999
JER,I2,I,15-Nov-19,4.174051829,64.9782
JER,I3,I,15-Nov-19,3.804321975,44.89479999
JER,A1,A,12-Dec-19,4.071718854,58.65770001
JER,A2,A,12-Dec-19,5.067122742,158.717
JER,A3,A,12-Dec-19,4.4970024,89.74769997
JER,B1,B,12-Dec-19,3.920177666,50.40940002
JER,B2,B,12-Dec-19,4.293546452,73.22569998
JER,B3,B,12-Dec-19,6.118207324,454.0499999
JER,C1,C,12-Dec-19,3.721569272,41.3292
JER,C2,C,12-Dec-19,6.374736874,586.8310001
JER,C3,C,12-Dec-19,4.892639736,133.305
JER,D1,D,12-Dec-19,3.153782483,23.4245
JER,D2,D,12-Dec-19,3.005127995,20.1888
JER,D3,D,12-Dec-19,3.358502106,28.7461
JER,E1,E,12-Dec-19,5.695673015,297.577
JER,E2,E,12-Dec-19,4.574293366,96.95950004
JER,E3,E,12-Dec-19,4.33619079,76.41590002
JER,F1,F,12-Dec-19,5.840275311,343.8739999
JER,F2,F,12-Dec-19,6.053983843,425.8059998
JER,F3,F,12-Dec-19,2.711331478,15.04929999
JER,G1,G,12-Dec-19,3.713596457,41.00100001
JER,G2,G,12-Dec-19,4.052549873,57.54400003
JER,H1,H,12-Dec-19,3.171335479,23.83929999
JER,H3,H,12-Dec-19,2.251995761,9.506689997
JER,I1,I,12-Dec-19,4.693409975,109.225
JER,I2,I,12-Dec-19,4.998765122,148.2300001
JER,I3,I,12-Dec-19,5.845837438,345.7919999
JER,A1,A,23-Jan-20,2.705747552,14.9655
JER,A2,A,23-Jan-20,2.253910472,9.524909999
JER,A3,A,23-Jan-20,1.693159384,5.436630002
JER,B1,B,23-Jan-20,2.459537558,11.69939999
JER,B2,B,23-Jan-20,1.940308776,6.960899998
JER,B3,B,23-Jan-20,2.761015763,15.8159
JER,C1,C,23-Jan-20,1.381676214,3.981570001
JER,C2,C,23-Jan-20,3.644397123,38.2597
JER,C3,C,23-Jan-20,2.160992726,8.679749996
JER,D1,D,23-Jan-20,1.547896495,4.701569998
JER,D3,D,23-Jan-20,0.654042461,1.923300001
JER,E1,E,23-Jan-20,3.263344283,26.1368
JER,E2,E,23-Jan-20,2.709901819,15.0278
JER,E3,E,23-Jan-20,1.400384625,4.056759998
JER,F1,F,23-Jan-20,3.401254047,30.00170001
JER,F2,F,23-Jan-20,1.665048574,5.285930002
JER,F3,F,23-Jan-20,0.652330394,1.920009999
JER,G1,G,23-Jan-20,1.447563481,4.25274
JER,G2,G,23-Jan-20,1.21145276,3.358360001
JER,G3,G,23-Jan-20,3.294365414,26.96030001
JER,H1,H,23-Jan-20,0.335107019,1.398089999
JER,H2,H,23-Jan-20,0.317435031,1.373600001
JER,H3,H,23-Jan-20,0.399024411,1.49037
JER,I1,I,23-Jan-20,2.710906119,15.0429
JER,I2,I,23-Jan-20,2.692997475,14.7759
JER,I3,I,23-Jan-20,2.895613551,18.0946
JER,A1,A,18-Feb-20,1.915303655,6.788999998
JER,A2,A,18-Feb-20,1.359295654,3.89345
JER,A3,A,18-Feb-20,4.25000553,70.10580003
JER,B1,B,18-Feb-20,1.282762728,3.606590001
JER,B2,B,18-Feb-20,1.613147025,5.018579999
JER,B3,B,18-Feb-20,2.01875559,7.528950001
JER,C1,C,18-Feb-20,0.730693416,2.076520001
JER,C2,C,18-Feb-20,2.437264576,11.4417
JER,C3,C,18-Feb-20,1.700663398,5.477580002
JER,D1,D,18-Feb-20,1.281919471,3.603550001
JER,D2,D,18-Feb-20,1.032906865,2.809220001
JER,D3,D,18-Feb-20,0.760179465,2.138660001
JER,E1,E,18-Feb-20,1.596350647,4.934990002
JER,E2,E,18-Feb-20,1.919460565,6.817279998
JER,E3,E,18-Feb-20,1.310845875,3.709309998
JER,F1,F,18-Feb-20,2.601548294,13.48460001
JER,F2,F,18-Feb-20,1.443940434,4.237360001
JER,G1,G,18-Feb-20,1.166002988,3.209139998
JER,G2,G,18-Feb-20,1.109166398,3.031830001
JER,G3,G,18-Feb-20,2.451530822,11.6061
JER,H1,H,18-Feb-20,0.683243299,1.980290001
JER,H2,H,18-Feb-20,-0.22105199,0.801675
JER,I1,I,18-Feb-20,1.9751388,7.207620002
JER,I2,I,18-Feb-20,2.030803928,7.620209997
JER,I3,I,18-Feb-20,2.107355788,8.226459996
JER,A1,A,17-Mar-20,2.401742409,11.04240001
JER,A2,A,17-Mar-20,2.683805322,14.64070001
JER,A3,A,17-Mar-20,2.567484603,13.03300001
JER,B2,B,17-Mar-20,2.532132098,12.5803
JER,B3,B,17-Mar-20,4.208147837,67.23189998
JER,C1,C,17-Mar-20,1.988474168,7.304379998
JER,C2,C,17-Mar-20,4.252028991,70.2478
JER,C3,C,17-Mar-20,2.681254378,14.6034
JER,D1,D,17-Mar-20,1.723883831,5.606260003
JER,D2,D,17-Mar-20,1.697661221,5.461159998
JER,D3,D,17-Mar-20,2.172218971,8.777739997
JER,E1,E,17-Mar-20,4.329952773,75.94070003
JER,E2,E,17-Mar-20,3.118294979,22.60779999
JER,E3,E,17-Mar-20,2.383906982,10.8472
JER,F1,F,17-Mar-20,4.539661594,93.65909995
JER,F2,F,17-Mar-20,3.597884699,36.52089998
JER,F3,F,17-Mar-20,1.335664005,3.802520001
JER,G1,G,17-Mar-20,2.335661971,10.3363
JER,G2,G,17-Mar-20,1.881555992,6.563710001
JER,G3,G,17-Mar-20,4.146074844,63.18549997
JER,H1,H,17-Mar-20,1.411096724,4.100450001
JER,H3,H,17-Mar-20,0.933993116,2.54465
JER,I1,I,17-Mar-20,3.383304929,29.46800001
JER,I2,I,17-Mar-20,3.363145851,28.87989999
JER,I3,I,17-Mar-20,3.680683459,39.67350002
JER,A2,A,14-Apr-20,3.112808393,22.48410001
JER,A3,A,14-Apr-20,3.270044111,26.31249999
JER,B1,B,14-Apr-20,3.436191225,31.06839999
JER,B2,B,14-Apr-20,3.48434603,32.6011
JER,B3,B,14-Apr-20,5.001634912,148.656
JER,C1,C,14-Apr-20,3.007848574,20.2438
JER,C2,C,14-Apr-20,5.375421916,216.031
JER,C3,C,14-Apr-20,3.548691671,34.7678
JER,D2,D,14-Apr-20,1.805634432,6.083830001
JER,D3,D,14-Apr-20,2.869108398,17.62130001
JER,E1,E,14-Apr-20,4.509211996,90.85019998
JER,E2,E,14-Apr-20,3.058148231,21.2881
JER,F2,F,14-Apr-20,3.90416219,49.6085
JER,F3,F,14-Apr-20,1.475865376,4.37482
JER,G2,G,14-Apr-20,3.345441513,28.37309999
JER,H1,H,14-Apr-20,2.359551266,10.5862
JER,A1,A,12-May-20,2.567753116,13.03650001
JER,A2,A,12-May-20,2.182304942,8.866719999
JER,A3,A,12-May-20,1.680667747,5.369140002
JER,B1,B,12-May-20,1.758573179,5.80415
JER,B2,B,12-May-20,3.544451769,34.6207
JER,B3,B,12-May-20,2.242409308,9.415990001
JER,C1,C,12-May-20,1.266877178,3.549749998
JER,C2,C,12-May-20,2.25393042,9.525100003
JER,D1,D,12-May-20,1.179934178,3.254160001
JER,D2,D,12-May-20,1.563961352,4.777709999
JER,D3,D,12-May-20,1.347122047,3.846340001
JER,E1,E,12-May-20,1.882430115,6.569449999
JER,E2,E,12-May-20,1.841804401,6.307909997
JER,E3,E,12-May-20,1.621528526,5.060820003
JER,F1,F,12-May-20,2.379536875,10.7999
JER,F2,F,12-May-20,1.479802919,4.39208
JER,F3,F,12-May-20,-0.151190399,0.859684
JER,G1,G,12-May-20,1.95919015,7.093580003
JER,G2,G,12-May-20,1.371586732,3.941599999
JER,G3,G,12-May-20,2.107669361,8.229039996
JER,H1,H,12-May-20,0.824653399,2.28109
JER,H3,H,12-May-20,0.819061512,2.26837
JER,I1,I,12-May-20,2.478444146,11.9227
JER,I2,I,12-May-20,3.053779459,21.1953
JER,I3,I,12-May-20,2.98814859,19.8489
JER,A1,A,9-Jun-20,3.614209786,37.12200001
JER,A2,A,9-Jun-20,3.091883009,22.0185
JER,A3,A,9-Jun-20,3.205133835,24.65880001
JER,B1,B,9-Jun-20,3.990884092,54.10269999
JER,B2,B,9-Jun-20,3.469768386,32.12929999
JER,B3,B,9-Jun-20,3.192856232,24.35789999
JER,C1,C,9-Jun-20,3.42017614,30.57479999
JER,C2,C,9-Jun-20,3.829923183,46.05899998
JER,C3,C,9-Jun-20,3.194005096,24.38589999
JER,D1,D,9-Jun-20,3.017518227,20.4405
JER,D2,D,9-Jun-20,2.914993907,18.44869999
JER,D3,D,9-Jun-20,3.178466245,24.00989999
JER,E1,E,9-Jun-20,3.503242407,33.22299999
JER,E2,E,9-Jun-20,3.844142372,46.71859999
JER,E3,E,9-Jun-20,3.417447956,30.49149999
JER,F1,F,9-Jun-20,3.470288026,32.146
JER,G1,G,9-Jun-20,3.221891274,25.0755
JER,G2,G,9-Jun-20,3.500916012,33.14580001
JER,G3,G,9-Jun-20,3.804373205,44.89710001
JER,H1,H,9-Jun-20,1.928797415,6.88123
JER,H2,H,9-Jun-20,1.163747507,3.201910001
JER,H3,H,9-Jun-20,-0.094652496,0.909689
JER,I1,I,9-Jun-20,3.456628935,31.7099
JER,I2,I,9-Jun-20,3.664696899,39.0443
JER,I3,I,9-Jun-20,3.979803142,53.50650001
Jornada,G3,G,17-Mar-21,6.595470357,731.773
Jornada,C2,C,17-Mar-21,6.508944978,671.118
Jornada,F1,F,17-Mar-21,5.861538078,351.264
Jornada,E1,E,17-Mar-21,5.800506806,330.467
Jornada,F2,F,17-Mar-21,5.738576739,310.622
Jornada,A1,A,25-Nov-20,5.712775251,302.71
Jornada,I3,I,17-Mar-21,5.70027968,298.951
Jornada,C3,C,17-Mar-21,5.486525729,241.417
Jornada,G3,G,11-May-21,5.435532591,229.415
Jornada,A1,A,17-Mar-21,5.320352793,204.456
Jornada,C2,C,25-Nov-20,5.304234824,201.187
Jornada,G2,G,17-Mar-21,5.300080811,200.353
Jornada,I2,I,17-Mar-21,5.214511755,183.922
Jornada,G1,G,17-Mar-21,5.213587022,183.752
Jornada,C2,C,11-May-21,5.155445343,173.373
Jornada,B3,B,25-Nov-20,5.07506756,159.983
Jornada,A2,A,17-Mar-21,5.036569412,153.941
Jornada,B3,B,11-May-21,4.998029507,148.121
Jornada,I3,I,11-May-21,4.942827434,140.166
Jornada,B1,B,17-Mar-21,4.886567551,132.498
Jornada,A3,A,17-Mar-21,4.868987241,130.189
Jornada,E2,E,17-Mar-21,4.81770567,123.681
Jornada,G3,G,25-Nov-20,4.796575362,121.095
Jornada,G3,G,15-Feb-21,4.791160006,120.441
Jornada,A3,A,7-Jul-20,4.752477503,115.871
Jornada,E3,E,17-Mar-21,4.745227737,115.034
Jornada,E3,E,4-Aug-20,4.741508884,114.607
Jornada,G2,G,11-May-21,4.727016068,112.958
Jornada,G3,G,13-Apr-21,4.707573333,110.783
Jornada,B1,B,4-Aug-20,4.70555836,110.56
Jornada,F1,F,4-Aug-20,4.675442239,107.28
Jornada,I3,I,4-Aug-20,4.674826837,107.214
Jornada,B2,B,17-Mar-21,4.651891545,104.783
Jornada,F1,F,11-May-21,4.623432412,101.843
Jornada,I2,I,25-Nov-20,4.601134052,99.5972
Jornada,F1,F,7-Jul-20,4.572289492,96.7654
Jornada,I2,I,11-May-21,4.568122311,96.363
Jornada,C2,C,13-Apr-21,4.561830441,95.7586
Jornada,B3,B,4-Aug-20,4.547142689,94.3624
Jornada,I1,I,17-Mar-21,4.534978382,93.2215
Jornada,I1,I,7-Jul-20,4.503667774,90.3479
Jornada,I1,I,4-Aug-20,4.500808061,90.0899
Jornada,I1,I,11-May-21,4.479817825,88.2186
Jornada,I2,I,4-Aug-20,4.468778707,87.2501
Jornada,C3,C,11-May-21,4.441812081,84.9287
Jornada,C3,C,15-Feb-21,4.400072818,81.4568
Jornada,A3,A,4-Aug-20,4.396603622,81.1747
Jornada,C3,C,25-Nov-20,4.351477217,77.593
Jornada,C2,C,4-Aug-20,4.350824884,77.5424
Jornada,I3,I,7-Jul-20,4.339220903,76.6478
Jornada,A1,A,11-May-21,4.32734207,75.7427
Jornada,E2,E,4-Aug-20,4.325265789,75.5856
Jornada,B3,B,13-Apr-21,4.324414736,75.5213
Jornada,G2,G,4-Aug-20,4.304354241,74.0214
Jornada,F1,F,8-Jun-21,4.289575489,72.9355
Jornada,F2,F,7-Jul-20,4.289242262,72.9112
Jornada,E1,E,11-May-21,4.284216708,72.5457
Jornada,E2,E,7-Jul-20,4.272232695,71.6815
Jornada,G3,G,7-Jul-21,4.244412634,69.7148
Jornada,E3,E,7-Jul-20,4.243779856,69.6707
Jornada,D1,D,7-Jul-20,4.238642578,69.3137
Jornada,F1,F,25-Nov-20,4.230136315,68.7266
Jornada,C1,C,17-Mar-21,4.216370436,67.787
Jornada,G3,G,4-Aug-20,4.204910506,67.0146
Jornada,G1,G,4-Aug-20,4.188491945,65.9233
Jornada,C2,C,7-Jul-20,4.161532695,64.1698
Jornada,E2,E,11-May-21,4.156877949,63.8718
Jornada,A3,A,11-May-21,4.138739367,62.7237
Jornada,B2,B,4-Aug-20,4.075571105,58.8841
Jornada,D1,D,4-Aug-20,4.063153128,58.1574
Jornada,F2,F,4-Aug-20,4.052591579,57.5464
Jornada,A2,A,4-Aug-20,4.027896664,56.1427
Jornada,I2,I,7-Jul-20,4.024790819,55.9686
Jornada,E2,E,25-Nov-20,4.01885384,55.6373
Jornada,C3,C,4-Aug-20,4.014862947,55.4157
Jornada,F2,F,11-May-21,4.014000003,55.3679
Jornada,C1,C,4-Aug-20,4.011379533,55.223
Jornada,I2,I,15-Feb-21,4.009254974,55.1058
Jornada,E1,E,4-Aug-20,3.998762012,54.5306
Jornada,B3,B,7-Jul-20,3.988619165,53.9803
Jornada,E1,E,7-Jul-20,3.988385719,53.9677
Jornada,H1,H,17-Mar-21,3.987084095,53.8975
Jornada,D3,D,17-Mar-21,3.985658152,53.8207
Jornada,C2,C,8-Jun-21,3.983662505,53.7134
Jornada,D1,D,17-Mar-21,3.973355142,53.1626
Jornada,E1,E,25-Nov-20,3.970388135,53.0051
Jornada,B2,B,7-Jul-20,3.966475205,52.7981
Jornada,D3,D,7-Jul-20,3.960714117,52.4948
Jornada,B1,B,11-May-21,3.949702146,51.9199
Jornada,E1,E,15-Feb-21,3.938920016,51.3631
Jornada,A3,A,7-Jul-21,3.929145574,50.8635
Jornada,I1,I,25-Nov-20,3.919084018,50.3543
Jornada,D3,D,4-Aug-20,3.907964782,49.7975
Jornada,I1,I,19-Jan-21,3.897120513,49.2604
Jornada,I3,I,25-Nov-20,3.889930759,48.9075
Jornada,E3,E,11-May-21,3.876451785,48.2527
Jornada,G1,G,11-May-21,3.870996823,47.9902
Jornada,F1,F,7-Jul-21,3.852854573,47.1274
Jornada,E1,E,13-Apr-21,3.831420141,46.128
Jornada,B2,B,8-Jun-21,3.815899695,45.4176
Jornada,A1,A,8-Jun-21,3.780318514,43.83
Jornada,F1,F,19-Jan-21,3.762805803,43.0691
Jornada,B2,B,11-May-21,3.74773074,42.4247
Jornada,B1,B,7-Jul-21,3.744273952,42.2783
Jornada,A2,A,11-May-21,3.7428822,42.2195
Jornada,D2,D,17-Mar-21,3.736673885,41.9582
Jornada,C3,C,13-Apr-21,3.73495403,41.8861
Jornada,B1,B,25-Nov-20,3.733515765,41.8259
Jornada,D2,D,4-Aug-20,3.711039594,40.8963
Jornada,I2,I,19-Jan-21,3.706751297,40.7213
Jornada,B3,B,15-Feb-21,3.700276757,40.4585
Jornada,B3,B,1-Sep-20,3.695855068,40.28
Jornada,F3,F,17-Mar-21,3.675611827,39.4728
Jornada,G2,G,8-Jun-21,3.675056861,39.4509
Jornada,A1,A,4-Aug-20,3.663423175,38.9946
Jornada,G3,G,8-Jun-21,3.654756326,38.6581
Jornada,F2,F,8-Jun-21,3.629721101,37.7023
Jornada,E2,E,19-Jan-21,3.61569029,37.177
Jornada,I3,I,7-Jul-21,3.605334788,36.794
Jornada,H2,H,17-Mar-21,3.60015206,36.6038
Jornada,B1,B,29-Sep-20,3.598634673,36.5483
Jornada,H3,H,17-Mar-21,3.592084923,36.3097
Jornada,B1,B,8-Jun-21,3.571817408,35.5812
Jornada,D2,D,7-Jul-20,3.540637533,34.4889
Jornada,G1,G,25-Nov-20,3.538015866,34.3986
Jornada,F1,F,13-Apr-21,3.537751285,34.3895
Jornada,C3,C,7-Jul-21,3.53712008,34.3678
Jornada,I2,I,1-Sep-20,3.529227001,34.0976
Jornada,F2,F,7-Jul-21,3.52286324,33.8813
Jornada,D1,D,7-Jul-21,3.518802624,33.744
Jornada,B3,B,29-Sep-20,3.509917248,33.4455
Jornada,B3,B,7-Jul-21,3.470502649,32.1529
Jornada,F2,F,25-Nov-20,3.468232783,32.08
Jornada,B3,B,8-Jun-21,3.460695094,31.8391
Jornada,I1,I,29-Sep-20,3.460377824,31.829
Jornada,I3,I,8-Jun-21,3.456455473,31.7044
Jornada,G2,G,25-Nov-20,3.448068245,31.4396
Jornada,C3,C,8-Jun-21,3.441859363,31.245
Jornada,A3,A,29-Sep-20,3.431209156,30.914
Jornada,F1,F,15-Feb-21,3.423747864,30.6842
Jornada,F2,F,13-Apr-21,3.418762213,30.5316
Jornada,A1,A,15-Feb-21,3.417887326,30.5049
Jornada,I2,I,29-Sep-20,3.411078403,30.2979
Jornada,E3,E,29-Sep-20,3.405481525,30.1288
Jornada,E2,E,29-Sep-20,3.360361498,28.7996
Jornada,A2,A,13-Apr-21,3.360014211,28.7896
Jornada,I2,I,13-Apr-21,3.350556506,28.5186
Jornada,B2,B,7-Jul-21,3.325474773,27.8122
Jornada,D3,D,11-May-21,3.303114027,27.1972
Jornada,A3,A,1-Sep-20,3.299895286,27.1098
Jornada,I3,I,13-Apr-21,3.295455312,26.9897
Jornada,E3,E,8-Jun-21,3.284805877,26.7038
Jornada,C3,C,7-Jul-20,3.284663565,26.7
Jornada,C3,C,19-Jan-21,3.276872998,26.4928
Jornada,C1,C,11-May-21,3.268796778,26.2797
Jornada,G2,G,13-Apr-21,3.263895079,26.1512
Jornada,A3,A,8-Jun-21,3.25945715,26.0354
Jornada,A2,A,25-Nov-20,3.256240971,25.9518
Jornada,E1,E,7-Jul-21,3.234615307,25.3966
Jornada,B1,B,1-Sep-20,3.23305877,25.3571
Jornada,E2,E,13-Apr-21,3.222843941,25.0994
Jornada,F1,F,29-Sep-20,3.217903352,24.9757
Jornada,B2,B,25-Nov-20,3.211319346,24.8118
Jornada,I3,I,1-Sep-20,3.189817697,24.284
Jornada,D3,D,7-Jul-21,3.185290085,24.1743
Jornada,A1,A,13-Apr-21,3.177215979,23.9799
Jornada,B1,B,13-Apr-21,3.170189655,23.812
Jornada,G2,G,7-Jul-20,3.157791597,23.5186
Jornada,I3,I,15-Feb-21,3.138017118,23.0581
Jornada,H1,H,7-Jul-20,3.131062672,22.8983
Jornada,E3,E,1-Sep-20,3.117626845,22.5927
Jornada,G1,G,13-Apr-21,3.097146513,22.1347
Jornada,A2,A,8-Jun-21,3.07432624,21.6353
Jornada,A1,A,7-Jul-21,3.06351241,21.4026
Jornada,I2,I,8-Jun-21,3.063255399,21.3971
Jornada,I2,I,7-Jul-21,3.059739404,21.322
Jornada,G1,G,7-Jul-20,3.034500961,20.7906
Jornada,C3,C,29-Sep-20,3.016534401,20.4204
Jornada,A1,A,7-Jul-20,3.01498573,20.3888
Jornada,A2,A,15-Feb-21,3.011487505,20.3176
Jornada,E2,E,7-Jul-21,2.999873686,20.083
Jornada,B2,B,19-Jan-21,2.992797973,19.9414
Jornada,E3,E,25-Nov-20,2.968602569,19.4647
Jornada,C2,C,29-Sep-20,2.968412463,19.461
Jornada,C2,C,7-Jul-21,2.94714059,19.0514
Jornada,I1,I,15-Feb-21,2.933995158,18.8026
Jornada,E3,E,7-Jul-21,2.914326971,18.4364
Jornada,G2,G,15-Feb-21,2.913339306,18.4182
Jornada,C1,C,13-Apr-21,2.909852983,18.3541
Jornada,I1,I,8-Jun-21,2.895961661,18.1009
Jornada,E1,E,19-Jan-21,2.876762909,17.7567
Jornada,I1,I,7-Jul-21,2.85727448,17.414
Jornada,C2,C,1-Sep-20,2.85197737,17.322
Jornada,A3,A,13-Apr-21,2.849920065,17.2864
Jornada,D3,D,8-Jun-21,2.848258421,17.2577
Jornada,C2,C,19-Jan-21,2.844508141,17.1931
Jornada,F2,F,29-Sep-20,2.83580997,17.0442
Jornada,A3,A,25-Nov-20,2.832630821,16.9901
Jornada,G1,G,29-Sep-20,2.829471056,16.9365
Jornada,E1,E,8-Jun-21,2.823109531,16.8291
Jornada,A2,A,29-Sep-20,2.82144436,16.8011
Jornada,E2,E,1-Sep-20,2.808462494,16.5844
Jornada,D3,D,1-Sep-20,2.792268793,16.318
Jornada,E3,E,13-Apr-21,2.789703918,16.2762
Jornada,B1,B,15-Feb-21,2.786362181,16.2219
Jornada,C2,C,15-Feb-21,2.769809865,15.9556
Jornada,C1,C,29-Sep-20,2.767676678,15.9216
Jornada,D2,D,7-Jul-21,2.759946647,15.799
Jornada,C1,C,7-Jul-21,2.758464443,15.7756
Jornada,D1,D,11-May-21,2.739464885,15.4787
Jornada,C1,C,7-Jul-20,2.737492492,15.4482
Jornada,F2,F,1-Sep-20,2.724572946,15.2499
Jornada,G3,G,1-Sep-20,2.719095642,15.1666
Jornada,E2,E,15-Feb-21,2.703372612,14.93
Jornada,G1,G,15-Feb-21,2.700736857,14.8907
Jornada,C1,C,25-Nov-20,2.697494687,14.8425
Jornada,B2,B,29-Sep-20,2.683859962,14.6415
Jornada,H1,H,11-May-21,2.678470332,14.5628
Jornada,A2,A,1-Sep-20,2.669115314,14.4272
Jornada,B2,B,1-Sep-20,2.659895835,14.2948
Jornada,G1,G,8-Jun-21,2.63057863,13.8818
Jornada,D3,D,29-Sep-20,2.626181939,13.8209
Jornada,I1,I,1-Sep-20,2.622172726,13.7656
Jornada,F1,F,1-Sep-20,2.618854622,13.72
Jornada,B2,B,13-Apr-21,2.61321191,13.6428
Jornada,A1,A,1-Sep-20,2.612163188,13.6285
Jornada,D2,D,11-May-21,2.585279749,13.267
Jornada,E2,E,22-Dec-20,2.572367926,13.0968
Jornada,H2,H,7-Jul-20,2.569079279,13.0538
Jornada,A1,A,29-Sep-20,2.568627201,13.0479
Jornada,B3,B,19-Jan-21,2.56214543,12.9636
Jornada,H1,H,4-Aug-20,2.538779115,12.6642
Jornada,F2,F,15-Feb-21,2.530357913,12.558
Jornada,D3,D,13-Apr-21,2.501067031,12.1955
Jornada,G2,G,7-Jul-21,2.487627944,12.0327
Jornada,D3,D,19-Jan-21,2.464950511,11.7629
Jornada,D1,D,25-Nov-20,2.463691525,11.7481
Jornada,B1,B,19-Jan-21,2.446823956,11.5516
Jornada,D2,D,8-Jun-21,2.374217145,10.7426
Jornada,D1,D,1-Sep-20,2.369673485,10.6939
Jornada,E1,E,22-Dec-20,2.366986105,10.6652
Jornada,F1,F,22-Dec-20,2.336638633,10.3464
Jornada,A3,A,22-Dec-20,2.316172367,10.1368
Jornada,A2,A,7-Jul-21,2.311723213,10.0918
Jornada,I1,I,13-Apr-21,2.306108877,10.0353
Jornada,D2,D,1-Sep-20,2.299198364,9.96619
Jornada,C3,C,1-Sep-20,2.249219126,9.48033
Jornada,E3,E,15-Feb-21,2.240512861,9.39815
Jornada,G1,G,7-Jul-21,2.226050641,9.26321
Jornada,F2,F,19-Jan-21,2.216186982,9.17229
Jornada,H3,H,11-May-21,2.205180622,9.07189
Jornada,H2,H,11-May-21,2.201623776,9.03968
Jornada,D3,D,25-Nov-20,2.193883446,8.96998
Jornada,D2,D,29-Sep-20,2.158251567,8.65599
Jornada,F3,F,7-Jul-20,2.157433301,8.64891
Jornada,D1,D,13-Apr-21,2.146957657,8.55878
Jornada,A3,A,19-Jan-21,2.129804278,8.41322
Jornada,A3,A,15-Feb-21,2.124874888,8.37185
Jornada,C1,C,1-Sep-20,2.108022925,8.23195
Jornada,H3,H,7-Jul-20,2.106976453,8.22334
Jornada,I1,I,22-Dec-20,2.094919882,8.12479
Jornada,F3,F,11-May-21,2.026034172,7.58395
Jornada,H2,H,25-Nov-20,2.01421345,7.49483
Jornada,B2,B,15-Feb-21,2.003258148,7.41317
Jornada,H1,H,25-Nov-20,1.972282187,7.18706
Jornada,G3,G,19-Jan-21,1.971832667,7.18383
Jornada,E3,E,22-Dec-20,1.968893985,7.16275
Jornada,F3,F,4-Aug-20,1.942286449,6.97468
Jornada,F2,F,22-Dec-20,1.930230724,6.8911
Jornada,H3,H,25-Nov-20,1.906062382,6.72655
Jornada,H2,H,4-Aug-20,1.900969566,6.69238
Jornada,G2,G,29-Oct-20,1.881920049,6.5661
Jornada,D2,D,25-Nov-20,1.832880619,6.25187
Jornada,B3,B,29-Oct-20,1.822621629,6.18806
Jornada,H1,H,8-Jun-21,1.814670007,6.13905
Jornada,E3,E,19-Jan-21,1.799004825,6.04363
Jornada,D2,D,13-Apr-21,1.783295417,5.94943
Jornada,C1,C,15-Feb-21,1.781168583,5.93679
Jornada,H3,H,4-Aug-20,1.756444851,5.79181
Jornada,D1,D,22-Dec-20,1.743043552,5.71471
Jornada,I3,I,22-Dec-20,1.683853123,5.38627
Jornada,H1,H,13-Apr-21,1.669751898,5.31085
Jornada,D3,D,15-Feb-21,1.619142669,5.04876
Jornada,G3,G,29-Oct-20,1.59869845,4.94659
Jornada,F3,F,25-Nov-20,1.554157734,4.7311
Jornada,H3,H,8-Jun-21,1.533605994,4.63486
Jornada,A1,A,19-Jan-21,1.471016871,4.35366
Jornada,G1,G,19-Jan-21,1.454831129,4.28376
Jornada,C2,C,22-Dec-20,1.44953673,4.26114
Jornada,H2,H,13-Apr-21,1.443659559,4.23617
Jornada,D2,D,19-Jan-21,1.428786161,4.17363
Jornada,H1,H,29-Sep-20,1.408009374,4.08781
Jornada,B1,B,22-Dec-20,1.401040106,4.05942
Jornada,F3,F,8-Jun-21,1.396210038,4.03986
Jornada,I3,I,19-Jan-21,1.388237472,4.00778
Jornada,I2,I,29-Oct-20,1.384217205,3.9917
Jornada,H2,H,19-Jan-21,1.363890253,3.91138
Jornada,F3,F,13-Apr-21,1.275977137,3.5822
Jornada,D1,D,15-Feb-21,1.24047926,3.45727
Jornada,H3,H,19-Jan-21,1.217943755,3.38023
Jornada,H1,H,1-Sep-20,1.215345885,3.37146
Jornada,F3,F,19-Jan-21,1.171552913,3.227
Jornada,C1,C,19-Jan-21,1.154882345,3.17365
Jornada,I2,I,22-Dec-20,1.12693084,3.08617
Jornada,G2,G,19-Jan-21,1.104445244,3.01755
Jornada,B2,B,22-Dec-20,1.095784962,2.99153
Jornada,D2,D,15-Feb-21,1.06053652,2.88792
Jornada,H3,H,29-Sep-20,1.024836569,2.78664
Jornada,H1,H,7-Jul-21,1.022512077,2.78017
Jornada,D1,D,19-Jan-21,0.968841435,2.63489
Jornada,H2,H,15-Feb-21,0.927713246,2.52872
Jornada,H3,H,15-Feb-21,0.90415742,2.46985
Jornada,I1,I,29-Oct-20,0.897645994,2.45382
Jornada,H2,H,7-Jul-21,0.876022751,2.40133
Jornada,H2,H,29-Sep-20,0.835653181,2.30632
Jornada,E3,E,29-Oct-20,0.82046682,2.27156
Jornada,C3,C,29-Oct-20,0.813229792,2.25518
Jornada,I3,I,29-Oct-20,0.812781834,2.25417
Jornada,H3,H,1-Sep-20,0.807778588,2.24292
Jornada,C2,C,29-Oct-20,0.798245662,2.22164
Jornada,E2,E,29-Oct-20,0.724534407,2.06377
Jornada,F3,F,15-Feb-21,0.710269749,2.03454
Jornada,F1,F,29-Oct-20,0.671898008,1.95795
Jornada,H2,H,1-Sep-20,0.593243969,1.80985
Jornada,H3,H,7-Jul-21,0.588125496,1.80061
Jornada,E1,E,29-Oct-20,0.422453321,1.5257
Jornada,B2,B,29-Oct-20,0.357863238,1.43027
Jornada,D3,D,22-Dec-20,0.288376831,1.33426
Jornada,C1,C,29-Oct-20,0.267895095,1.30721
Jornada,A1,A,22-Dec-20,0.163436009,1.17755
Jornada,C3,C,22-Dec-20,0.160169672,1.17371
Jornada,D2,D,22-Dec-20,0.023306286,1.02358
Jornada,B3,B,22-Dec-20,-0.000562158,0.999438
Jornada,G1,G,29-Oct-20,-0.03581476,0.964819
Jornada,D3,D,29-Oct-20,-0.048676721,0.952489
Jornada,F2,F,29-Oct-20,-0.181626199,0.833913
Jornada,D2,D,29-Oct-20,-0.205737175,0.814047
Jornada,D1,D,29-Oct-20,-0.3220458,0.724665
Jornada,G2,G,22-Dec-20,-0.372961133,0.688692
Jornada,A3,A,29-Oct-20,-0.443788664,0.641601
Jornada,H1,H,29-Oct-20,-0.486038707,0.615058
Jornada,C1,C,22-Dec-20,-0.647445591,0.523381
Jornada,H3,H,29-Oct-20,-0.92865941,0.395083
Jornada,G3,G,22-Dec-20,-0.938152979,0.39135
Jornada,A2,A,29-Oct-20,-1.228774506,0.292651
Jornada,A2,A,22-Dec-20,-1.329396203,0.264637
Jornada,H3,H,22-Dec-20,-1.331900877,0.263975
Jornada,G1,G,22-Dec-20,-1.489807695,0.225416
Jornada,F3,F,22-Dec-20,-1.504105397,0.222216
Jornada,H1,H,22-Dec-20,-1.876337446,0.15315
Jornada,H2,H,22-Dec-20,-1.929760263,0.145183
Jornada,F3,F,29-Oct-20,-3.090753095,0.0454677
